Operator,Working set,Memory use,MACs
tfl.dequantize,0 146,4916220,0
tfl.dequantize1,0 146 147,4917240,0
tfl.dequantize2,0 146 147 148,4918260,0
tfl.dequantize3,0 146 147 148 149,4919284,0
tfl.dequantize4,0 146 147 148 149 150,4919796,0
tfl.dequantize5,0 146 147 148 149 150 151,4920308,0
tfl.dequantize6,0 146 147 148 149 150 151 152,4920820,0
tfl.dequantize7,0 146 147 148 149 150 151 152 153,4921332,0
tfl.dequantize8,0 146 147 148 149 150 151 152 153 154,4921844,0
tfl.dequantize9,0 146 147 148 149 150 151 152 153 154 155,4922356,0
tfl.dequantize10,0 146 147 148 149 150 151 152 153 154 155 156,4922612,0
tfl.dequantize11,0 146 147 148 149 150 151 152 153 154 155 156 157,4922868,0
tfl.dequantize12,0 146 147 148 149 150 151 152 153 154 155 156 157 158,4923124,0
tfl.dequantize13,0 146 147 148 149 150 151 152 153 154 155 156 157 158 159,4923380,0
tfl.dequantize14,0 146 147 148 149 150 151 152 153 154 155 156 157 158 159 160,4923636,0
tfl.dequantize15,0 146 147 148 149 150 151 152 153 154 155 156 157 158 159 160 161,4923892,0
tfl.dequantize16,0 146 147 148 149 150 151 152 153 154 155 156 157 158 159 160 161 162,4924020,0
tfl.dequantize17,0 146 147 148 149 150 151 152 153 154 155 156 157 158 159 160 161 162 163,4924148,0
tfl.dequantize18,0 146 147 148 149 150 151 152 153 154 155 156 157 158 159 160 161 162 163 164,4924276,0
tfl.dequantize19,0 146 147 148 149 150 151 152 153 154 155 156 157 158 159 160 161 162 163 164 165,4924404,0
tfl.dequantize20,0 146 147 148 149 150 151 152 153 154 155 156 157 158 159 160 161 162 163 164 165 166,4924660,0
tfl.dequantize21,0 146 147 148 149 150 151 152 153 154 155 156 157 158 159 160 161 162 163 164 165 166 167,4925172,0
tfl.dequantize22,0 146 147 148 149 150 151 152 153 154 155 156 157 158 159 160 161 162 163 164 165 166 167 168,4925428,0
tfl.dequantize23,0 146 147 148 149 150 151 152 153 154 155 156 157 158 159 160 161 162 163 164 165 166 167 168 169,4925684,0
tfl.dequantize24,0 146 147 148 149 150 151 152 153 154 155 156 157 158 159 160 161 162 163 164 165 166 167 168 169 170,4925940,0
tfl.dequantize25,0 146 147 148 149 150 151 152 153 154 155 156 157 158 159 160 161 162 163 164 165 166 167 168 169 170 171,4926196,0
tfl.dequantize26,0 146 147 148 149 150 151 152 153 154 155 156 157 158 159 160 161 162 163 164 165 166 167 168 169 170 171 172,4926708,0
tfl.dequantize27,0 146 147 148 149 150 151 152 153 154 155 156 157 158 159 160 161 162 163 164 165 166 167 168 169 170 171 172 173,4927732,0
tfl.dequantize28,0 146 147 148 149 150 151 152 153 154 155 156 157 158 159 160 161 162 163 164 165 166 167 168 169 170 171 172 173 174,4928244,0
tfl.dequantize29,0 146 147 148 149 150 151 152 153 154 155 156 157 158 159 160 161 162 163 164 165 166 167 168 169 170 171 172 173 174 175,4929268,0
tfl.dequantize30,0 146 147 148 149 150 151 152 153 154 155 156 157 158 159 160 161 162 163 164 165 166 167 168 169 170 171 172 173 174 175 176,4929780,0
tfl.dequantize31,0 146 147 148 149 150 151 152 153 154 155 156 157 158 159 160 161 162 163 164 165 166 167 168 169 170 171 172 173 174 175 176 177,4930292,0
tfl.dequantize32,0 146 147 148 149 150 151 152 153 154 155 156 157 158 159 160 161 162 163 164 165 166 167 168 169 170 171 172 173 174 175 176 177 178,4930804,0
tfl.dequantize33,0 146 147 148 149 150 151 152 153 154 155 156 157 158 159 160 161 162 163 164 165 166 167 168 169 170 171 172 173 174 175 176 177 178 179,4931316,0
tfl.dequantize34,0 146 147 148 149 150 151 152 153 154 155 156 157 158 159 160 161 162 163 164 165 166 167 168 169 170 171 172 173 174 175 176 177 178 179 180,4932340,0
tfl.dequantize35,0 146 147 148 149 150 151 152 153 154 155 156 157 158 159 160 161 162 163 164 165 166 167 168 169 170 171 172 173 174 175 176 177 178 179 180 181,4932852,0
tfl.dequantize36,0 146 147 148 149 150 151 152 153 154 155 156 157 158 159 160 161 162 163 164 165 166 167 168 169 170 171 172 173 174 175 176 177 178 179 180 181 182,4933108,0
tfl.dequantize37,0 146 147 148 149 150 151 152 153 154 155 156 157 158 159 160 161 162 163 164 165 166 167 168 169 170 171 172 173 174 175 176 177 178 179 180 181 182 183,4933364,0
tfl.dequantize38,0 146 147 148 149 150 151 152 153 154 155 156 157 158 159 160 161 162 163 164 165 166 167 168 169 170 171 172 173 174 175 176 177 178 179 180 181 182 183 184,4933620,0
tfl.dequantize39,0 146 147 148 149 150 151 152 153 154 155 156 157 158 159 160 161 162 163 164 165 166 167 168 169 170 171 172 173 174 175 176 177 178 179 180 181 182 183 184 185,4933876,0
tfl.dequantize40,0 146 147 148 149 150 151 152 153 154 155 156 157 158 159 160 161 162 163 164 165 166 167 168 169 170 171 172 173 174 175 176 177 178 179 180 181 182 183 184 185 186,4934132,0
tfl.dequantize41,0 146 147 148 149 150 151 152 153 154 155 156 157 158 159 160 161 162 163 164 165 166 167 168 169 170 171 172 173 174 175 176 177 178 179 180 181 182 183 184 185 186 187,4934388,0
tfl.dequantize42,0 146 147 148 149 150 151 152 153 154 155 156 157 158 159 160 161 162 163 164 165 166 167 168 169 170 171 172 173 174 175 176 177 178 179 180 181 182 183 184 185 186 187 188,4934644,0
tfl.dequantize43,0 146 147 148 149 150 151 152 153 154 155 156 157 158 159 160 161 162 163 164 165 166 167 168 169 170 171 172 173 174 175 176 177 178 179 180 181 182 183 184 185 186 187 188 189,4934900,0
tfl.dequantize44,0 146 147 148 149 150 151 152 153 154 155 156 157 158 159 160 161 162 163 164 165 166 167 168 169 170 171 172 173 174 175 176 177 178 179 180 181 182 183 184 185 186 187 188 189 190,4935412,0
tfl.dequantize45,0 146 147 148 149 150 151 152 153 154 155 156 157 158 159 160 161 162 163 164 165 166 167 168 169 170 171 172 173 174 175 176 177 178 179 180 181 182 183 184 185 186 187 188 189 190 191,4935668,0
tfl.dequantize46,0 146 147 148 149 150 151 152 153 154 155 156 157 158 159 160 161 162 163 164 165 166 167 168 169 170 171 172 173 174 175 176 177 178 179 180 181 182 183 184 185 186 187 188 189 190 191 192,4935796,0
tfl.dequantize47,0 146 147 148 149 150 151 152 153 154 155 156 157 158 159 160 161 162 163 164 165 166 167 168 169 170 171 172 173 174 175 176 177 178 179 180 181 182 183 184 185 186 187 188 189 190 191 192 193,4935924,0
tfl.dequantize48,0 146 147 148 149 150 151 152 153 154 155 156 157 158 159 160 161 162 163 164 165 166 167 168 169 170 171 172 173 174 175 176 177 178 179 180 181 182 183 184 185 186 187 188 189 190 191 192 193 194,4936052,0
tfl.dequantize49,0 146 147 148 149 150 151 152 153 154 155 156 157 158 159 160 161 162 163 164 165 166 167 168 169 170 171 172 173 174 175 176 177 178 179 180 181 182 183 184 185 186 187 188 189 190 191 192 193 194 195,4936180,0
tfl.dequantize50,0 146 147 148 149 150 151 152 153 154 155 156 157 158 159 160 161 162 163 164 165 166 167 168 169 170 171 172 173 174 175 176 177 178 179 180 181 182 183 184 185 186 187 188 189 190 191 192 193 194 195 196,4936308,0
tfl.dequantize51,0 146 147 148 149 150 151 152 153 154 155 156 157 158 159 160 161 162 163 164 165 166 167 168 169 170 171 172 173 174 175 176 177 178 179 180 181 182 183 184 185 186 187 188 189 190 191 192 193 194 195 196 197,4936436,0
tfl.dequantize52,0 146 147 148 149 150 151 152 153 154 155 156 157 158 159 160 161 162 163 164 165 166 167 168 169 170 171 172 173 174 175 176 177 178 179 180 181 182 183 184 185 186 187 188 189 190 191 192 193 194 195 196 197 198,4936692,0
tfl.dequantize53,0 146 147 148 149 150 151 152 153 154 155 156 157 158 159 160 161 162 163 164 165 166 167 168 169 170 171 172 173 174 175 176 177 178 179 180 181 182 183 184 185 186 187 188 189 190 191 192 193 194 195 196 197 198 199,4936820,0
tfl.dequantize54,0 146 147 148 149 150 151 152 153 154 155 156 157 158 159 160 161 162 163 164 165 166 167 168 169 170 171 172 173 174 175 176 177 178 179 180 181 182 183 184 185 186 187 188 189 190 191 192 193 194 195 196 197 198 199 200,4936884,0
tfl.dequantize55,0 146 147 148 149 150 151 152 153 154 155 156 157 158 159 160 161 162 163 164 165 166 167 168 169 170 171 172 173 174 175 176 177 178 179 180 181 182 183 184 185 186 187 188 189 190 191 192 193 194 195 196 197 198 199 200 201,4936948,0
tfl.dequantize56,0 146 147 148 149 150 151 152 153 154 155 156 157 158 159 160 161 162 163 164 165 166 167 168 169 170 171 172 173 174 175 176 177 178 179 180 181 182 183 184 185 186 187 188 189 190 191 192 193 194 195 196 197 198 199 200 201 202,4937012,0
tfl.dequantize57,0 146 147 148 149 150 151 152 153 154 155 156 157 158 159 160 161 162 163 164 165 166 167 168 169 170 171 172 173 174 175 176 177 178 179 180 181 182 183 184 185 186 187 188 189 190 191 192 193 194 195 196 197 198 199 200 201 202 203,4937076,0
tfl.dequantize58,0 146 147 148 149 150 151 152 153 154 155 156 157 158 159 160 161 162 163 164 165 166 167 168 169 170 171 172 173 174 175 176 177 178 179 180 181 182 183 184 185 186 187 188 189 190 191 192 193 194 195 196 197 198 199 200 201 202 203 204,4937204,0
tfl.dequantize59,0 146 147 148 149 150 151 152 153 154 155 156 157 158 159 160 161 162 163 164 165 166 167 168 169 170 171 172 173 174 175 176 177 178 179 180 181 182 183 184 185 186 187 188 189 190 191 192 193 194 195 196 197 198 199 200 201 202 203 204 205,5002484,0
tfl.dequantize60,0 146 147 148 149 150 151 152 153 154 155 156 157 158 159 160 161 162 163 164 165 166 167 168 169 170 171 172 173 174 175 176 177 178 179 180 181 182 183 184 185 186 187 188 189 190 191 192 193 194 195 196 197 198 199 200 201 202 203 204 205 206,5133044,0
tfl.dequantize61,0 146 147 148 149 150 151 152 153 154 155 156 157 158 159 160 161 162 163 164 165 166 167 168 169 170 171 172 173 174 175 176 177 178 179 180 181 182 183 184 185 186 187 188 189 190 191 192 193 194 195 196 197 198 199 200 201 202 203 204 205 206 207,5394164,0
tfl.dequantize62,0 146 147 148 149 150 151 152 153 154 155 156 157 158 159 160 161 162 163 164 165 166 167 168 169 170 171 172 173 174 175 176 177 178 179 180 181 182 183 184 185 186 187 188 189 190 191 192 193 194 195 196 197 198 199 200 201 202 203 204 205 206 207 208,5656308,0
tfl.dequantize63,0 146 147 148 149 150 151 152 153 154 155 156 157 158 159 160 161 162 163 164 165 166 167 168 169 170 171 172 173 174 175 176 177 178 179 180 181 182 183 184 185 186 187 188 189 190 191 192 193 194 195 196 197 198 199 200 201 202 203 204 205 206 207 208 209,5787380,0
tfl.dequantize64,0 146 147 148 149 150 151 152 153 154 155 156 157 158 159 160 161 162 163 164 165 166 167 168 169 170 171 172 173 174 175 176 177 178 179 180 181 182 183 184 185 186 187 188 189 190 191 192 193 194 195 196 197 198 199 200 201 202 203 204 205 206 207 208 209 210,6377204,0
tfl.dequantize65,0 146 147 148 149 150 151 152 153 154 155 156 157 158 159 160 161 162 163 164 165 166 167 168 169 170 171 172 173 174 175 176 177 178 179 180 181 182 183 184 185 186 187 188 189 190 191 192 193 194 195 196 197 198 199 200 201 202 203 204 205 206 207 208 209 210 211,6442740,0
tfl.dequantize66,0 146 147 148 149 150 151 152 153 154 155 156 157 158 159 160 161 162 163 164 165 166 167 168 169 170 171 172 173 174 175 176 177 178 179 180 181 182 183 184 185 186 187 188 189 190 191 192 193 194 195 196 197 198 199 200 201 202 203 204 205 206 207 208 209 210 211 212,6573812,0
tfl.dequantize67,0 146 147 148 149 150 151 152 153 154 155 156 157 158 159 160 161 162 163 164 165 166 167 168 169 170 171 172 173 174 175 176 177 178 179 180 181 182 183 184 185 186 187 188 189 190 191 192 193 194 195 196 197 198 199 200 201 202 203 204 205 206 207 208 209 210 211 212 213,7163636,0
tfl.dequantize68,0 146 147 148 149 150 151 152 153 154 155 156 157 158 159 160 161 162 163 164 165 166 167 168 169 170 171 172 173 174 175 176 177 178 179 180 181 182 183 184 185 186 187 188 189 190 191 192 193 194 195 196 197 198 199 200 201 202 203 204 205 206 207 208 209 210 211 212 213 214,7229172,0
tfl.dequantize69,0 146 147 148 149 150 151 152 153 154 155 156 157 158 159 160 161 162 163 164 165 166 167 168 169 170 171 172 173 174 175 176 177 178 179 180 181 182 183 184 185 186 187 188 189 190 191 192 193 194 195 196 197 198 199 200 201 202 203 204 205 206 207 208 209 210 211 212 213 214 215,7261940,0
tfl.dequantize70,0 146 147 148 149 150 151 152 153 154 155 156 157 158 159 160 161 162 163 164 165 166 167 168 169 170 171 172 173 174 175 176 177 178 179 180 181 182 183 184 185 186 187 188 189 190 191 192 193 194 195 196 197 198 199 200 201 202 203 204 205 206 207 208 209 210 211 212 213 214 215 216,7409396,0
tfl.dequantize71,0 146 147 148 149 150 151 152 153 154 155 156 157 158 159 160 161 162 163 164 165 166 167 168 169 170 171 172 173 174 175 176 177 178 179 180 181 182 183 184 185 186 187 188 189 190 191 192 193 194 195 196 197 198 199 200 201 202 203 204 205 206 207 208 209 210 211 212 213 214 215 216 217,7425780,0
tfl.dequantize72,0 146 147 148 149 150 151 152 153 154 155 156 157 158 159 160 161 162 163 164 165 166 167 168 169 170 171 172 173 174 175 176 177 178 179 180 181 182 183 184 185 186 187 188 189 190 191 192 193 194 195 196 197 198 199 200 201 202 203 204 205 206 207 208 209 210 211 212 213 214 215 216 217 218,7458548,0
tfl.dequantize73,0 146 147 148 149 150 151 152 153 154 155 156 157 158 159 160 161 162 163 164 165 166 167 168 169 170 171 172 173 174 175 176 177 178 179 180 181 182 183 184 185 186 187 188 189 190 191 192 193 194 195 196 197 198 199 200 201 202 203 204 205 206 207 208 209 210 211 212 213 214 215 216 217 218 219,7606004,0
tfl.dequantize74,0 146 147 148 149 150 151 152 153 154 155 156 157 158 159 160 161 162 163 164 165 166 167 168 169 170 171 172 173 174 175 176 177 178 179 180 181 182 183 184 185 186 187 188 189 190 191 192 193 194 195 196 197 198 199 200 201 202 203 204 205 206 207 208 209 210 211 212 213 214 215 216 217 218 219 220,7622388,0
tfl.dequantize75,0 146 147 148 149 150 151 152 153 154 155 156 157 158 159 160 161 162 163 164 165 166 167 168 169 170 171 172 173 174 175 176 177 178 179 180 181 182 183 184 185 186 187 188 189 190 191 192 193 194 195 196 197 198 199 200 201 202 203 204 205 206 207 208 209 210 211 212 213 214 215 216 217 218 219 220 221,7638772,0
tfl.dequantize76,0 146 147 148 149 150 151 152 153 154 155 156 157 158 159 160 161 162 163 164 165 166 167 168 169 170 171 172 173 174 175 176 177 178 179 180 181 182 183 184 185 186 187 188 189 190 191 192 193 194 195 196 197 198 199 200 201 202 203 204 205 206 207 208 209 210 211 212 213 214 215 216 217 218 219 220 221 222,7675636,0
tfl.dequantize77,0 146 147 148 149 150 151 152 153 154 155 156 157 158 159 160 161 162 163 164 165 166 167 168 169 170 171 172 173 174 175 176 177 178 179 180 181 182 183 184 185 186 187 188 189 190 191 192 193 194 195 196 197 198 199 200 201 202 203 204 205 206 207 208 209 210 211 212 213 214 215 216 217 218 219 220 221 222 223,7679732,0
tfl.dequantize78,0 146 147 148 149 150 151 152 153 154 155 156 157 158 159 160 161 162 163 164 165 166 167 168 169 170 171 172 173 174 175 176 177 178 179 180 181 182 183 184 185 186 187 188 189 190 191 192 193 194 195 196 197 198 199 200 201 202 203 204 205 206 207 208 209 210 211 212 213 214 215 216 217 218 219 220 221 222 223 224,7696116,0
tfl.dequantize79,0 146 147 148 149 150 151 152 153 154 155 156 157 158 159 160 161 162 163 164 165 166 167 168 169 170 171 172 173 174 175 176 177 178 179 180 181 182 183 184 185 186 187 188 189 190 191 192 193 194 195 196 197 198 199 200 201 202 203 204 205 206 207 208 209 210 211 212 213 214 215 216 217 218 219 220 221 222 223 224 225,7728884,0
tfl.dequantize80,0 146 147 148 149 150 151 152 153 154 155 156 157 158 159 160 161 162 163 164 165 166 167 168 169 170 171 172 173 174 175 176 177 178 179 180 181 182 183 184 185 186 187 188 189 190 191 192 193 194 195 196 197 198 199 200 201 202 203 204 205 206 207 208 209 210 211 212 213 214 215 216 217 218 219 220 221 222 223 224 225 226,7794420,0
tfl.dequantize81,0 146 147 148 149 150 151 152 153 154 155 156 157 158 159 160 161 162 163 164 165 166 167 168 169 170 171 172 173 174 175 176 177 178 179 180 181 182 183 184 185 186 187 188 189 190 191 192 193 194 195 196 197 198 199 200 201 202 203 204 205 206 207 208 209 210 211 212 213 214 215 216 217 218 219 220 221 222 223 224 225 226 227,7859956,0
tfl.dequantize82,0 146 147 148 149 150 151 152 153 154 155 156 157 158 159 160 161 162 163 164 165 166 167 168 169 170 171 172 173 174 175 176 177 178 179 180 181 182 183 184 185 186 187 188 189 190 191 192 193 194 195 196 197 198 199 200 201 202 203 204 205 206 207 208 209 210 211 212 213 214 215 216 217 218 219 220 221 222 223 224 225 226 227 228,8007412,0
tfl.dequantize83,0 146 147 148 149 150 151 152 153 154 155 156 157 158 159 160 161 162 163 164 165 166 167 168 169 170 171 172 173 174 175 176 177 178 179 180 181 182 183 184 185 186 187 188 189 190 191 192 193 194 195 196 197 198 199 200 201 202 203 204 205 206 207 208 209 210 211 212 213 214 215 216 217 218 219 220 221 222 223 224 225 226 227 228 229,8023796,0
tfl.dequantize84,0 146 147 148 149 150 151 152 153 154 155 156 157 158 159 160 161 162 163 164 165 166 167 168 169 170 171 172 173 174 175 176 177 178 179 180 181 182 183 184 185 186 187 188 189 190 191 192 193 194 195 196 197 198 199 200 201 202 203 204 205 206 207 208 209 210 211 212 213 214 215 216 217 218 219 220 221 222 223 224 225 226 227 228 229 230,8089332,0
tfl.dequantize85,0 146 147 148 149 150 151 152 153 154 155 156 157 158 159 160 161 162 163 164 165 166 167 168 169 170 171 172 173 174 175 176 177 178 179 180 181 182 183 184 185 186 187 188 189 190 191 192 193 194 195 196 197 198 199 200 201 202 203 204 205 206 207 208 209 210 211 212 213 214 215 216 217 218 219 220 221 222 223 224 225 226 227 228 229 230 231,8220404,0
tfl.dequantize86,0 146 147 148 149 150 151 152 153 154 155 156 157 158 159 160 161 162 163 164 165 166 167 168 169 170 171 172 173 174 175 176 177 178 179 180 181 182 183 184 185 186 187 188 189 190 191 192 193 194 195 196 197 198 199 200 201 202 203 204 205 206 207 208 209 210 211 212 213 214 215 216 217 218 219 220 221 222 223 224 225 226 227 228 229 230 231 232,8744692,0
tfl.dequantize87,0 146 147 148 149 150 151 152 153 154 155 156 157 158 159 160 161 162 163 164 165 166 167 168 169 170 171 172 173 174 175 176 177 178 179 180 181 182 183 184 185 186 187 188 189 190 191 192 193 194 195 196 197 198 199 200 201 202 203 204 205 206 207 208 209 210 211 212 213 214 215 216 217 218 219 220 221 222 223 224 225 226 227 228 229 230 231 232 233,8875764,0
tfl.dequantize88,0 146 147 148 149 150 151 152 153 154 155 156 157 158 159 160 161 162 163 164 165 166 167 168 169 170 171 172 173 174 175 176 177 178 179 180 181 182 183 184 185 186 187 188 189 190 191 192 193 194 195 196 197 198 199 200 201 202 203 204 205 206 207 208 209 210 211 212 213 214 215 216 217 218 219 220 221 222 223 224 225 226 227 228 229 230 231 232 233 234,9137908,0
tfl.dequantize89,0 146 147 148 149 150 151 152 153 154 155 156 157 158 159 160 161 162 163 164 165 166 167 168 169 170 171 172 173 174 175 176 177 178 179 180 181 182 183 184 185 186 187 188 189 190 191 192 193 194 195 196 197 198 199 200 201 202 203 204 205 206 207 208 209 210 211 212 213 214 215 216 217 218 219 220 221 222 223 224 225 226 227 228 229 230 231 232 233 234 235,9268980,0
tfl.dequantize90,0 146 147 148 149 150 151 152 153 154 155 156 157 158 159 160 161 162 163 164 165 166 167 168 169 170 171 172 173 174 175 176 177 178 179 180 181 182 183 184 185 186 187 188 189 190 191 192 193 194 195 196 197 198 199 200 201 202 203 204 205 206 207 208 209 210 211 212 213 214 215 216 217 218 219 220 221 222 223 224 225 226 227 228 229 230 231 232 233 234 235 236,9858804,0
tfl.dequantize91,0 146 147 148 149 150 151 152 153 154 155 156 157 158 159 160 161 162 163 164 165 166 167 168 169 170 171 172 173 174 175 176 177 178 179 180 181 182 183 184 185 186 187 188 189 190 191 192 193 194 195 196 197 198 199 200 201 202 203 204 205 206 207 208 209 210 211 212 213 214 215 216 217 218 219 220 221 222 223 224 225 226 227 228 229 230 231 232 233 234 235 236 237,9924340,0
tfl.dequantize92,0 146 147 148 149 150 151 152 153 154 155 156 157 158 159 160 161 162 163 164 165 166 167 168 169 170 171 172 173 174 175 176 177 178 179 180 181 182 183 184 185 186 187 188 189 190 191 192 193 194 195 196 197 198 199 200 201 202 203 204 205 206 207 208 209 210 211 212 213 214 215 216 217 218 219 220 221 222 223 224 225 226 227 228 229 230 231 232 233 234 235 236 237 238,10055412,0
tfl.dequantize93,0 146 147 148 149 150 151 152 153 154 155 156 157 158 159 160 161 162 163 164 165 166 167 168 169 170 171 172 173 174 175 176 177 178 179 180 181 182 183 184 185 186 187 188 189 190 191 192 193 194 195 196 197 198 199 200 201 202 203 204 205 206 207 208 209 210 211 212 213 214 215 216 217 218 219 220 221 222 223 224 225 226 227 228 229 230 231 232 233 234 235 236 237 238 239,11235060,0
tfl.dequantize94,0 146 147 148 149 150 151 152 153 154 155 156 157 158 159 160 161 162 163 164 165 166 167 168 169 170 171 172 173 174 175 176 177 178 179 180 181 182 183 184 185 186 187 188 189 190 191 192 193 194 195 196 197 198 199 200 201 202 203 204 205 206 207 208 209 210 211 212 213 214 215 216 217 218 219 220 221 222 223 224 225 226 227 228 229 230 231 232 233 234 235 236 237 238 239 240,11300596,0
tfl.dequantize95,0 146 147 148 149 150 151 152 153 154 155 156 157 158 159 160 161 162 163 164 165 166 167 168 169 170 171 172 173 174 175 176 177 178 179 180 181 182 183 184 185 186 187 188 189 190 191 192 193 194 195 196 197 198 199 200 201 202 203 204 205 206 207 208 209 210 211 212 213 214 215 216 217 218 219 220 221 222 223 224 225 226 227 228 229 230 231 232 233 234 235 236 237 238 239 240 241,11333364,0
tfl.dequantize96,0 146 147 148 149 150 151 152 153 154 155 156 157 158 159 160 161 162 163 164 165 166 167 168 169 170 171 172 173 174 175 176 177 178 179 180 181 182 183 184 185 186 187 188 189 190 191 192 193 194 195 196 197 198 199 200 201 202 203 204 205 206 207 208 209 210 211 212 213 214 215 216 217 218 219 220 221 222 223 224 225 226 227 228 229 230 231 232 233 234 235 236 237 238 239 240 241 242,11480820,0
tfl.dequantize97,0 146 147 148 149 150 151 152 153 154 155 156 157 158 159 160 161 162 163 164 165 166 167 168 169 170 171 172 173 174 175 176 177 178 179 180 181 182 183 184 185 186 187 188 189 190 191 192 193 194 195 196 197 198 199 200 201 202 203 204 205 206 207 208 209 210 211 212 213 214 215 216 217 218 219 220 221 222 223 224 225 226 227 228 229 230 231 232 233 234 235 236 237 238 239 240 241 242 243,11497204,0
tfl.dequantize98,0 146 147 148 149 150 151 152 153 154 155 156 157 158 159 160 161 162 163 164 165 166 167 168 169 170 171 172 173 174 175 176 177 178 179 180 181 182 183 184 185 186 187 188 189 190 191 192 193 194 195 196 197 198 199 200 201 202 203 204 205 206 207 208 209 210 211 212 213 214 215 216 217 218 219 220 221 222 223 224 225 226 227 228 229 230 231 232 233 234 235 236 237 238 239 240 241 242 243 244,11644660,0
tfl.dequantize99,0 146 147 148 149 150 151 152 153 154 155 156 157 158 159 160 161 162 163 164 165 166 167 168 169 170 171 172 173 174 175 176 177 178 179 180 181 182 183 184 185 186 187 188 189 190 191 192 193 194 195 196 197 198 199 200 201 202 203 204 205 206 207 208 209 210 211 212 213 214 215 216 217 218 219 220 221 222 223 224 225 226 227 228 229 230 231 232 233 234 235 236 237 238 239 240 241 242 243 244 245,11661044,0
tfl.dequantize100,0 146 147 148 149 150 151 152 153 154 155 156 157 158 159 160 161 162 163 164 165 166 167 168 169 170 171 172 173 174 175 176 177 178 179 180 181 182 183 184 185 186 187 188 189 190 191 192 193 194 195 196 197 198 199 200 201 202 203 204 205 206 207 208 209 210 211 212 213 214 215 216 217 218 219 220 221 222 223 224 225 226 227 228 229 230 231 232 233 234 235 236 237 238 239 240 241 242 243 244 245 246,11808500,0
tfl.dequantize101,0 146 147 148 149 150 151 152 153 154 155 156 157 158 159 160 161 162 163 164 165 166 167 168 169 170 171 172 173 174 175 176 177 178 179 180 181 182 183 184 185 186 187 188 189 190 191 192 193 194 195 196 197 198 199 200 201 202 203 204 205 206 207 208 209 210 211 212 213 214 215 216 217 218 219 220 221 222 223 224 225 226 227 228 229 230 231 232 233 234 235 236 237 238 239 240 241 242 243 244 245 246 247,11824884,0
tfl.dequantize102,0 146 147 148 149 150 151 152 153 154 155 156 157 158 159 160 161 162 163 164 165 166 167 168 169 170 171 172 173 174 175 176 177 178 179 180 181 182 183 184 185 186 187 188 189 190 191 192 193 194 195 196 197 198 199 200 201 202 203 204 205 206 207 208 209 210 211 212 213 214 215 216 217 218 219 220 221 222 223 224 225 226 227 228 229 230 231 232 233 234 235 236 237 238 239 240 241 242 243 244 245 246 247 248,11857652,0
tfl.dequantize103,0 146 147 148 149 150 151 152 153 154 155 156 157 158 159 160 161 162 163 164 165 166 167 168 169 170 171 172 173 174 175 176 177 178 179 180 181 182 183 184 185 186 187 188 189 190 191 192 193 194 195 196 197 198 199 200 201 202 203 204 205 206 207 208 209 210 211 212 213 214 215 216 217 218 219 220 221 222 223 224 225 226 227 228 229 230 231 232 233 234 235 236 237 238 239 240 241 242 243 244 245 246 247 248 249,12152564,0
tfl.dequantize104,0 146 147 148 149 150 151 152 153 154 155 156 157 158 159 160 161 162 163 164 165 166 167 168 169 170 171 172 173 174 175 176 177 178 179 180 181 182 183 184 185 186 187 188 189 190 191 192 193 194 195 196 197 198 199 200 201 202 203 204 205 206 207 208 209 210 211 212 213 214 215 216 217 218 219 220 221 222 223 224 225 226 227 228 229 230 231 232 233 234 235 236 237 238 239 240 241 242 243 244 245 246 247 248 249 250,12168948,0
tfl.dequantize105,0 146 147 148 149 150 151 152 153 154 155 156 157 158 159 160 161 162 163 164 165 166 167 168 169 170 171 172 173 174 175 176 177 178 179 180 181 182 183 184 185 186 187 188 189 190 191 192 193 194 195 196 197 198 199 200 201 202 203 204 205 206 207 208 209 210 211 212 213 214 215 216 217 218 219 220 221 222 223 224 225 226 227 228 229 230 231 232 233 234 235 236 237 238 239 240 241 242 243 244 245 246 247 248 249 250 251,12177140,0
tfl.dequantize106,0 146 147 148 149 150 151 152 153 154 155 156 157 158 159 160 161 162 163 164 165 166 167 168 169 170 171 172 173 174 175 176 177 178 179 180 181 182 183 184 185 186 187 188 189 190 191 192 193 194 195 196 197 198 199 200 201 202 203 204 205 206 207 208 209 210 211 212 213 214 215 216 217 218 219 220 221 222 223 224 225 226 227 228 229 230 231 232 233 234 235 236 237 238 239 240 241 242 243 244 245 246 247 248 249 250 251 252,12214004,0
tfl.dequantize107,0 146 147 148 149 150 151 152 153 154 155 156 157 158 159 160 161 162 163 164 165 166 167 168 169 170 171 172 173 174 175 176 177 178 179 180 181 182 183 184 185 186 187 188 189 190 191 192 193 194 195 196 197 198 199 200 201 202 203 204 205 206 207 208 209 210 211 212 213 214 215 216 217 218 219 220 221 222 223 224 225 226 227 228 229 230 231 232 233 234 235 236 237 238 239 240 241 242 243 244 245 246 247 248 249 250 251 252 253,12218100,0
tfl.dequantize108,0 146 147 148 149 150 151 152 153 154 155 156 157 158 159 160 161 162 163 164 165 166 167 168 169 170 171 172 173 174 175 176 177 178 179 180 181 182 183 184 185 186 187 188 189 190 191 192 193 194 195 196 197 198 199 200 201 202 203 204 205 206 207 208 209 210 211 212 213 214 215 216 217 218 219 220 221 222 223 224 225 226 227 228 229 230 231 232 233 234 235 236 237 238 239 240 241 242 243 244 245 246 247 248 249 250 251 252 253 254,12254964,0
tfl.dequantize109,0 146 147 148 149 150 151 152 153 154 155 156 157 158 159 160 161 162 163 164 165 166 167 168 169 170 171 172 173 174 175 176 177 178 179 180 181 182 183 184 185 186 187 188 189 190 191 192 193 194 195 196 197 198 199 200 201 202 203 204 205 206 207 208 209 210 211 212 213 214 215 216 217 218 219 220 221 222 223 224 225 226 227 228 229 230 231 232 233 234 235 236 237 238 239 240 241 242 243 244 245 246 247 248 249 250 251 252 253 254 255,12259060,0
tfl.dequantize110,0 146 147 148 149 150 151 152 153 154 155 156 157 158 159 160 161 162 163 164 165 166 167 168 169 170 171 172 173 174 175 176 177 178 179 180 181 182 183 184 185 186 187 188 189 190 191 192 193 194 195 196 197 198 199 200 201 202 203 204 205 206 207 208 209 210 211 212 213 214 215 216 217 218 219 220 221 222 223 224 225 226 227 228 229 230 231 232 233 234 235 236 237 238 239 240 241 242 243 244 245 246 247 248 249 250 251 252 253 254 255 256,12267252,0
tfl.dequantize111,0 146 147 148 149 150 151 152 153 154 155 156 157 158 159 160 161 162 163 164 165 166 167 168 169 170 171 172 173 174 175 176 177 178 179 180 181 182 183 184 185 186 187 188 189 190 191 192 193 194 195 196 197 198 199 200 201 202 203 204 205 206 207 208 209 210 211 212 213 214 215 216 217 218 219 220 221 222 223 224 225 226 227 228 229 230 231 232 233 234 235 236 237 238 239 240 241 242 243 244 245 246 247 248 249 250 251 252 253 254 255 256 257,12340980,0
tfl.dequantize112,0 146 147 148 149 150 151 152 153 154 155 156 157 158 159 160 161 162 163 164 165 166 167 168 169 170 171 172 173 174 175 176 177 178 179 180 181 182 183 184 185 186 187 188 189 190 191 192 193 194 195 196 197 198 199 200 201 202 203 204 205 206 207 208 209 210 211 212 213 214 215 216 217 218 219 220 221 222 223 224 225 226 227 228 229 230 231 232 233 234 235 236 237 238 239 240 241 242 243 244 245 246 247 248 249 250 251 252 253 254 255 256 257 258,12345076,0
tfl.dequantize113,0 146 147 148 149 150 151 152 153 154 155 156 157 158 159 160 161 162 163 164 165 166 167 168 169 170 171 172 173 174 175 176 177 178 179 180 181 182 183 184 185 186 187 188 189 190 191 192 193 194 195 196 197 198 199 200 201 202 203 204 205 206 207 208 209 210 211 212 213 214 215 216 217 218 219 220 221 222 223 224 225 226 227 228 229 230 231 232 233 234 235 236 237 238 239 240 241 242 243 244 245 246 247 248 249 250 251 252 253 254 255 256 257 258 259,12347124,0
tfl.dequantize114,0 146 147 148 149 150 151 152 153 154 155 156 157 158 159 160 161 162 163 164 165 166 167 168 169 170 171 172 173 174 175 176 177 178 179 180 181 182 183 184 185 186 187 188 189 190 191 192 193 194 195 196 197 198 199 200 201 202 203 204 205 206 207 208 209 210 211 212 213 214 215 216 217 218 219 220 221 222 223 224 225 226 227 228 229 230 231 232 233 234 235 236 237 238 239 240 241 242 243 244 245 246 247 248 249 250 251 252 253 254 255 256 257 258 259 260,12356340,0
tfl.dequantize115,0 146 147 148 149 150 151 152 153 154 155 156 157 158 159 160 161 162 163 164 165 166 167 168 169 170 171 172 173 174 175 176 177 178 179 180 181 182 183 184 185 186 187 188 189 190 191 192 193 194 195 196 197 198 199 200 201 202 203 204 205 206 207 208 209 210 211 212 213 214 215 216 217 218 219 220 221 222 223 224 225 226 227 228 229 230 231 232 233 234 235 236 237 238 239 240 241 242 243 244 245 246 247 248 249 250 251 252 253 254 255 256 257 258 259 260 261,12357364,0
tfl.dequantize116,0 146 147 148 149 150 151 152 153 154 155 156 157 158 159 160 161 162 163 164 165 166 167 168 169 170 171 172 173 174 175 176 177 178 179 180 181 182 183 184 185 186 187 188 189 190 191 192 193 194 195 196 197 198 199 200 201 202 203 204 205 206 207 208 209 210 211 212 213 214 215 216 217 218 219 220 221 222 223 224 225 226 227 228 229 230 231 232 233 234 235 236 237 238 239 240 241 242 243 244 245 246 247 248 249 250 251 252 253 254 255 256 257 258 259 260 261 262,12359412,0
tfl.dequantize117,0 146 147 148 149 150 151 152 153 154 155 156 157 158 159 160 161 162 163 164 165 166 167 168 169 170 171 172 173 174 175 176 177 178 179 180 181 182 183 184 185 186 187 188 189 190 191 192 193 194 195 196 197 198 199 200 201 202 203 204 205 206 207 208 209 210 211 212 213 214 215 216 217 218 219 220 221 222 223 224 225 226 227 228 229 230 231 232 233 234 235 236 237 238 239 240 241 242 243 244 245 246 247 248 249 250 251 252 253 254 255 256 257 258 259 260 261 262 263,12377844,0
tfl.dequantize118,0 146 147 148 149 150 151 152 153 154 155 156 157 158 159 160 161 162 163 164 165 166 167 168 169 170 171 172 173 174 175 176 177 178 179 180 181 182 183 184 185 186 187 188 189 190 191 192 193 194 195 196 197 198 199 200 201 202 203 204 205 206 207 208 209 210 211 212 213 214 215 216 217 218 219 220 221 222 223 224 225 226 227 228 229 230 231 232 233 234 235 236 237 238 239 240 241 242 243 244 245 246 247 248 249 250 251 252 253 254 255 256 257 258 259 260 261 262 263 264,12384756,0
tfl.dequantize119,0 146 147 148 149 150 151 152 153 154 155 156 157 158 159 160 161 162 163 164 165 166 167 168 169 170 171 172 173 174 175 176 177 178 179 180 181 182 183 184 185 186 187 188 189 190 191 192 193 194 195 196 197 198 199 200 201 202 203 204 205 206 207 208 209 210 211 212 213 214 215 216 217 218 219 220 221 222 223 224 225 226 227 228 229 230 231 232 233 234 235 236 237 238 239 240 241 242 243 244 245 246 247 248 249 250 251 252 253 254 255 256 257 258 259 260 261 262 263 264 265,12384764,0
tfl.dequantize120,0 146 147 148 149 150 151 152 153 154 155 156 157 158 159 160 161 162 163 164 165 166 167 168 169 170 171 172 173 174 175 176 177 178 179 180 181 182 183 184 185 186 187 188 189 190 191 192 193 194 195 196 197 198 199 200 201 202 203 204 205 206 207 208 209 210 211 212 213 214 215 216 217 218 219 220 221 222 223 224 225 226 227 228 229 230 231 232 233 234 235 236 237 238 239 240 241 242 243 244 245 246 247 248 249 250 251 252 253 254 255 256 257 258 259 260 261 262 263 264 265 266,12384768,0
functional_15_1/tf_detect_1/strided_slice,0 146 147 148 149 150 151 152 153 154 155 156 157 158 159 160 161 162 163 164 165 166 167 168 169 170 171 172 173 174 175 176 177 178 179 180 181 182 183 184 185 186 187 188 189 190 191 192 193 194 195 196 197 198 199 200 201 202 203 204 205 206 207 208 209 210 211 212 213 214 215 216 217 218 219 220 221 222 223 224 225 226 227 228 229 230 231 232 233 234 235 236 237 238 239 240 241 242 243 244 245 246 247 248 249 250 251 252 253 254 255 256 257 258 259 260 261 262 263 264 265 266 267,12384772,0
functional_15_1/tf_detect_1/strided_slice_12,0 146 147 148 149 150 151 152 153 154 155 156 157 158 159 160 161 162 163 164 165 166 167 168 169 170 171 172 173 174 175 176 177 178 179 180 181 182 183 184 185 186 187 188 189 190 191 192 193 194 195 196 197 198 199 200 201 202 203 204 205 206 207 208 209 210 211 212 213 214 215 216 217 218 219 220 221 222 223 224 225 226 227 228 229 230 231 232 233 234 235 236 237 238 239 240 241 242 243 244 245 246 247 248 249 250 251 252 253 254 255 256 257 258 259 260 261 262 263 264 265 266 267 268,12384776,0
functional_15_1/tf_detect_1/strided_slice_16,0 146 147 148 149 150 151 152 153 154 155 156 157 158 159 160 161 162 163 164 165 166 167 168 169 170 171 172 173 174 175 176 177 178 179 180 181 182 183 184 185 186 187 188 189 190 191 192 193 194 195 196 197 198 199 200 201 202 203 204 205 206 207 208 209 210 211 212 213 214 215 216 217 218 219 220 221 222 223 224 225 226 227 228 229 230 231 232 233 234 235 236 237 238 239 240 241 242 243 244 245 246 247 248 249 250 251 252 253 254 255 256 257 258 259 260 261 262 263 264 265 266 267 268 269,12384780,0
functional_15_1/tf_detect_1/mul_8,0 146 147 148 149 150 151 152 153 154 155 156 157 158 159 160 161 162 163 164 165 166 167 168 169 170 171 172 173 174 175 176 177 178 179 180 181 182 183 184 185 186 187 188 189 190 191 192 193 194 195 196 197 198 199 200 201 202 203 204 205 206 207 208 209 210 211 212 213 214 215 216 217 218 219 220 221 222 223 224 225 226 227 228 229 230 231 232 233 234 235 236 237 238 239 240 241 242 243 244 245 246 247 248 249 250 251 252 253 254 255 256 257 258 259 260 261 262 263 264 265 266 267 268 269 270,12384804,0
functional_15_1/tf_detect_1/mul_15,0 146 147 148 149 150 151 152 153 154 155 156 157 158 159 160 161 162 163 164 165 166 167 168 169 170 171 172 173 174 175 176 177 178 179 180 181 182 183 184 185 186 187 188 189 190 191 192 193 194 195 196 197 198 199 200 201 202 203 204 205 206 207 208 209 210 211 212 213 214 215 216 217 218 219 220 221 222 223 224 225 226 227 228 229 230 231 232 233 234 235 236 237 238 239 240 241 242 243 244 245 246 247 248 249 250 251 252 253 254 255 256 257 258 259 260 261 262 263 264 265 266 267 268 269 270 271,12384828,0
functional_15_1/tf_detect_1/mul_1,0 146 147 148 149 150 151 152 153 154 155 156 157 158 159 160 161 162 163 164 165 166 167 168 169 170 171 172 173 174 175 176 177 178 179 180 181 182 183 184 185 186 187 188 189 190 191 192 193 194 195 196 197 198 199 200 201 202 203 204 205 206 207 208 209 210 211 212 213 214 215 216 217 218 219 220 221 222 223 224 225 226 227 228 229 230 231 232 233 234 235 236 237 238 239 240 241 242 243 244 245 246 247 248 249 250 251 252 253 254 255 256 257 258 259 260 261 262 263 264 265 266 267 268 269 270 271 272,12384852,0
functional_15_1/tf_detect_1/sub_1,0 146 147 148 149 150 151 152 153 154 155 156 157 158 159 160 161 162 163 164 165 166 167 168 169 170 171 172 173 174 175 176 177 178 179 180 181 182 183 184 185 186 187 188 189 190 191 192 193 194 195 196 197 198 199 200 201 202 203 204 205 206 207 208 209 210 211 212 213 214 215 216 217 218 219 220 221 222 223 224 225 226 227 228 229 230 231 232 233 234 235 236 237 238 239 240 241 242 243 244 245 246 247 248 249 250 251 252 253 254 255 256 257 258 259 260 261 262 263 264 265 266 267 268 269 270 271 272 273,12397652,0
functional_15_1/tf_detect_1/sub_2,0 146 147 148 149 150 151 152 153 154 155 156 157 158 159 160 161 162 163 164 165 166 167 168 169 170 171 172 173 174 175 176 177 178 179 180 181 182 183 184 185 186 187 188 189 190 191 192 193 194 195 196 197 198 199 200 201 202 203 204 205 206 207 208 209 210 211 212 213 214 215 216 217 218 219 220 221 222 223 224 225 226 227 228 229 230 231 232 233 234 235 236 237 238 239 240 241 242 243 244 245 246 247 248 249 250 251 252 253 254 255 256 257 258 259 260 261 262 263 264 265 266 267 268 269 270 271 272 273 274,12400852,0
functional_15_1/tf_detect_1/sub,0 146 147 148 149 150 151 152 153 154 155 156 157 158 159 160 161 162 163 164 165 166 167 168 169 170 171 172 173 174 175 176 177 178 179 180 181 182 183 184 185 186 187 188 189 190 191 192 193 194 195 196 197 198 199 200 201 202 203 204 205 206 207 208 209 210 211 212 213 214 215 216 217 218 219 220 221 222 223 224 225 226 227 228 229 230 231 232 233 234 235 236 237 238 239 240 241 242 243 244 245 246 247 248 249 250 251 252 253 254 255 256 257 258 259 260 261 262 263 264 265 266 267 268 269 270 271 272 273 274 275,12452052,0
functional_15_1/tf_conv_1/sequential_1/conv2d_1/BiasAdd;functional_15_1/tf_conv_1/sequential_1/conv2d_1/convolution;functional_15_1/tf_conv_1/sequential_1/conv2d_1/Squeeze,0 146 147 148 149 150 151 152 153 154 155 156 157 158 159 160 161 162 163 164 165 166 167 168 169 170 171 172 173 174 175 176 177 178 179 180 181 182 183 184 185 186 187 188 189 190 191 192 193 194 195 196 197 198 199 200 201 202 203 204 205 206 207 208 209 210 211 212 213 214 215 216 217 218 219 220 221 222 223 224 225 226 227 228 229 230 231 232 233 234 235 236 237 238 239 240 241 242 243 244 245 246 247 248 249 250 251 252 253 254 255 256 257 258 259 260 261 262 263 264 265 266 267 268 269 270 271 272 273 274 275 276,12452116,0
functional_15_1/tf_conv_1/sequential_1/conv2d_1/BiasAdd;functional_15_1/tf_conv_1/sequential_1/conv2d_1/convolution;functional_15_1/tf_conv_1/sequential_1/conv2d_1/Squeeze;Const_4;functional_15_1/tf_conv_1/sequential_1/tf_pad_1/Pad,0 146 147 148 149 150 151 152 153 154 155 156 157 158 159 160 161 162 163 164 165 166 167 168 169 170 171 172 173 174 175 176 177 178 179 180 181 182 183 184 185 186 187 188 189 190 191 192 193 194 195 196 197 198 199 200 201 202 203 204 205 206 207 208 209 210 211 212 213 214 215 216 217 218 219 220 221 222 223 224 225 226 227 228 229 230 231 232 233 234 235 236 237 238 239 240 241 242 243 244 245 246 247 248 249 250 251 252 253 254 255 256 257 258 259 260 261 262 263 264 265 266 267 268 269 270 271 272 273 274 275 276 277,19005716,176947200
functional_15_1/tf_conv_1/Sigmoid,146 147 148 149 150 151 152 153 154 155 156 157 158 159 160 161 162 163 164 165 166 167 168 169 170 171 172 173 174 175 176 177 178 179 180 181 182 183 184 185 186 187 188 189 190 191 192 193 194 195 196 197 198 199 200 201 202 203 204 205 206 207 208 209 210 211 212 213 214 215 216 217 218 219 220 221 222 223 224 225 226 227 228 229 230 231 232 233 234 235 236 237 238 239 240 241 242 243 244 245 246 247 248 249 250 251 252 253 254 255 256 257 258 259 260 261 262 263 265 266 267 268 269 270 271 272 273 274 275 277 278,20637140,0
functional_15_1/tf_conv_1/mul_1,146 147 148 149 150 151 152 153 154 155 156 157 158 159 160 161 162 163 164 165 166 167 168 169 170 171 172 173 174 175 176 177 178 179 180 181 182 183 184 185 186 187 188 189 190 191 192 193 194 195 196 197 198 199 200 201 202 203 204 205 206 207 208 209 210 211 212 213 214 215 216 217 218 219 220 221 222 223 224 225 226 227 228 229 230 231 232 233 234 235 236 237 238 239 240 241 242 243 244 245 246 247 248 249 250 251 252 253 254 255 256 257 258 259 260 261 262 263 265 266 267 268 269 270 271 272 273 274 275 277 278 279,27190740,0
functional_15_1/tf_conv_1_2/sequential_1_1/tf_pad_1_1/Pad,146 147 148 149 150 151 152 153 154 155 156 157 158 159 160 161 162 163 164 165 166 167 168 169 170 171 172 173 174 175 176 177 178 179 180 181 182 183 184 185 186 187 188 189 190 191 192 193 194 195 196 197 198 199 200 201 202 203 204 205 206 207 208 209 210 211 212 213 214 215 216 217 218 219 220 221 222 223 224 225 226 227 228 229 230 231 232 233 234 235 236 237 238 239 240 241 242 243 244 245 246 247 248 249 250 251 252 253 254 255 256 257 258 259 260 261 262 263 265 266 267 268 269 270 271 272 273 274 275 279 280,20719316,0
functional_15_1/tf_conv_1_2/sequential_1_1/conv2d_1_1/BiasAdd;functional_15_1/tf_conv_1_2/sequential_1_1/conv2d_1_1/convolution;functional_15_1/tf_conv_1_2/sequential_1_1/conv2d_1_1/Squeeze,146 147 148 149 150 151 152 153 154 155 156 157 158 159 160 161 162 163 164 165 166 167 168 169 170 171 172 173 174 175 176 177 178 179 180 181 182 183 184 185 186 187 188 189 190 191 192 193 194 195 196 197 198 199 200 201 202 203 204 205 206 207 208 209 210 211 212 213 214 215 216 217 218 219 220 221 222 223 224 225 226 227 228 229 230 231 232 233 234 235 236 237 238 239 240 241 242 243 244 245 246 247 248 249 250 251 252 253 254 255 256 257 258 259 260 261 262 263 265 266 267 268 269 270 271 272 273 274 275 280 281,17442516,117964800
functional_15_1/tf_conv_1_2/Sigmoid,146 147 148 149 150 151 152 153 154 155 156 157 158 159 160 161 162 163 164 165 166 167 168 169 170 171 172 173 174 175 176 177 178 179 180 181 182 183 184 185 186 187 188 189 190 191 192 193 194 195 196 197 198 199 200 201 202 203 205 206 207 208 209 210 211 212 213 214 215 216 217 218 219 220 221 222 223 224 225 226 227 228 229 230 231 232 233 234 235 236 237 238 239 240 241 242 243 244 245 246 247 248 249 250 251 252 253 254 255 256 257 258 259 260 261 262 265 266 267 268 269 270 271 272 273 274 275 281 282,14064980,0
functional_15_1/tf_conv_1_2/mul_1,146 147 148 149 150 151 152 153 154 155 156 157 158 159 160 161 162 163 164 165 166 167 168 169 170 171 172 173 174 175 176 177 178 179 180 181 182 183 184 185 186 187 188 189 190 191 192 193 194 195 196 197 198 199 200 201 202 203 205 206 207 208 209 210 211 212 213 214 215 216 217 218 219 220 221 222 223 224 225 226 227 228 229 230 231 232 233 234 235 236 237 238 239 240 241 242 243 244 245 246 247 248 249 250 251 252 253 254 255 256 257 258 259 260 261 262 265 266 267 268 269 270 271 272 273 274 275 281 282 283,17341780,0
functional_15_1/tfc3_1/tf_conv_2_1/conv2d_2_1/BiasAdd;functional_15_1/tfc3_1/tf_conv_2_1/conv2d_2_1/convolution;,146 147 148 149 150 151 152 153 154 155 156 157 158 159 160 161 162 163 164 165 166 167 168 169 170 171 172 173 174 175 176 177 178 179 180 181 182 183 184 185 186 187 188 189 190 191 192 193 194 195 196 197 198 199 200 201 202 203 205 206 207 208 209 210 211 212 213 214 215 216 217 218 219 220 221 222 223 224 225 226 227 228 229 230 231 232 233 234 235 236 237 238 239 240 241 242 243 244 245 246 247 248 249 250 251 252 253 254 255 256 257 258 259 260 261 262 265 266 267 268 269 270 271 272 273 274 275 283 284,12426580,13107200
functional_15_1/tfc3_1/tf_conv_2_1/Sigmoid,146 147 148 149 150 151 152 153 154 155 156 157 158 159 160 161 162 163 164 165 166 167 168 169 170 171 172 173 174 175 176 177 178 179 180 181 182 183 184 185 186 187 188 189 190 191 192 193 194 195 196 197 198 199 200 201 202 205 206 207 208 209 210 211 212 213 214 215 216 217 218 219 220 221 222 223 224 225 226 227 228 229 230 231 232 233 234 235 236 237 238 239 240 241 242 243 244 245 246 247 248 249 250 251 252 253 254 255 256 257 258 259 260 261 265 266 267 268 269 270 271 272 273 274 275 283 284 285,14062868,0
functional_15_1/tfc3_1/tf_conv_2_1/mul_1,146 147 148 149 150 151 152 153 154 155 156 157 158 159 160 161 162 163 164 165 166 167 168 169 170 171 172 173 174 175 176 177 178 179 180 181 182 183 184 185 186 187 188 189 190 191 192 193 194 195 196 197 198 199 200 201 202 205 206 207 208 209 210 211 212 213 214 215 216 217 218 219 220 221 222 223 224 225 226 227 228 229 230 231 232 233 234 235 236 237 238 239 240 241 242 243 244 245 246 247 248 249 250 251 252 253 254 255 256 257 258 259 260 261 265 266 267 268 269 270 271 272 273 274 275 283 284 285 286,15701268,0
functional_15_1/tfc3_1/sequential_2_1/tf_bottleneck_1/tf_conv_5_1/conv2d_5_1/BiasAdd;functional_15_1/tfc3_1/sequential_2_1/tf_bottleneck_1/tf_conv_5_1/conv2d_5_1/convolution;,146 147 148 149 150 151 152 153 154 155 156 157 158 159 160 161 162 163 164 165 166 167 168 169 170 171 172 173 174 175 176 177 178 179 180 181 182 183 184 185 186 187 188 189 190 191 192 193 194 195 196 197 198 199 200 201 202 205 206 207 208 209 210 211 212 213 214 215 216 217 218 219 220 221 222 223 224 225 226 227 228 229 230 231 232 233 234 235 236 237 238 239 240 241 242 243 244 245 246 247 248 249 250 251 252 253 254 255 256 257 258 259 260 261 265 266 267 268 269 270 271 272 273 274 275 283 286 287,14062868,6553600
functional_15_1/tfc3_1/sequential_2_1/tf_bottleneck_1/tf_conv_5_1/Sigmoid,146 147 148 149 150 151 152 153 154 155 156 157 158 159 160 161 162 163 164 165 166 167 168 169 170 171 172 173 174 175 176 177 178 179 180 181 182 183 184 185 186 187 188 189 190 191 192 193 194 195 196 197 198 199 200 201 205 206 207 208 209 210 211 212 213 214 215 216 217 218 219 220 221 222 223 224 225 226 227 228 229 230 231 232 233 234 235 236 237 238 239 240 241 242 243 244 245 246 247 248 249 250 251 252 253 254 255 256 257 258 259 260 265 266 267 268 269 270 271 272 273 274 275 283 286 287 288,15700180,0
functional_15_1/tfc3_1/sequential_2_1/tf_bottleneck_1/tf_conv_5_1/mul_1,146 147 148 149 150 151 152 153 154 155 156 157 158 159 160 161 162 163 164 165 166 167 168 169 170 171 172 173 174 175 176 177 178 179 180 181 182 183 184 185 186 187 188 189 190 191 192 193 194 195 196 197 198 199 200 201 205 206 207 208 209 210 211 212 213 214 215 216 217 218 219 220 221 222 223 224 225 226 227 228 229 230 231 232 233 234 235 236 237 238 239 240 241 242 243 244 245 246 247 248 249 250 251 252 253 254 255 256 257 258 259 260 265 266 267 268 269 270 271 272 273 274 275 283 286 287 288 289,17338580,0
functional_15_1/tfc3_1/sequential_2_1/tf_bottleneck_1/tf_conv_6_1/conv2d_6_1/BiasAdd;functional_15_1/tfc3_1/sequential_2_1/tf_bottleneck_1/tf_conv_6_1/conv2d_6_1/convolution;,146 147 148 149 150 151 152 153 154 155 156 157 158 159 160 161 162 163 164 165 166 167 168 169 170 171 172 173 174 175 176 177 178 179 180 181 182 183 184 185 186 187 188 189 190 191 192 193 194 195 196 197 198 199 200 201 205 206 207 208 209 210 211 212 213 214 215 216 217 218 219 220 221 222 223 224 225 226 227 228 229 230 231 232 233 234 235 236 237 238 239 240 241 242 243 244 245 246 247 248 249 250 251 252 253 254 255 256 257 258 259 260 265 266 267 268 269 270 271 272 273 274 275 283 286 289 290,15700180,58982400
functional_15_1/tfc3_1/sequential_2_1/tf_bottleneck_1/tf_conv_6_1/Sigmoid,146 147 148 149 150 151 152 153 154 155 156 157 158 159 160 161 162 163 164 165 166 167 168 169 170 171 172 173 174 175 176 177 178 179 180 181 182 183 184 185 186 187 188 189 190 191 192 193 194 195 196 197 198 199 200 205 206 207 208 209 210 211 212 213 214 215 216 217 218 219 220 221 222 223 224 225 226 227 228 229 230 231 232 233 234 235 236 237 238 239 240 241 242 243 244 245 246 247 248 249 250 251 252 253 254 255 256 257 258 259 265 266 267 268 269 270 271 272 273 274 275 283 286 290 291,15690900,0
functional_15_1/tfc3_1/sequential_2_1/tf_bottleneck_1/tf_conv_6_1/mul_1,146 147 148 149 150 151 152 153 154 155 156 157 158 159 160 161 162 163 164 165 166 167 168 169 170 171 172 173 174 175 176 177 178 179 180 181 182 183 184 185 186 187 188 189 190 191 192 193 194 195 196 197 198 199 200 205 206 207 208 209 210 211 212 213 214 215 216 217 218 219 220 221 222 223 224 225 226 227 228 229 230 231 232 233 234 235 236 237 238 239 240 241 242 243 244 245 246 247 248 249 250 251 252 253 254 255 256 257 258 259 265 266 267 268 269 270 271 272 273 274 275 283 286 290 291 292,17329300,0
functional_15_1/tfc3_1/sequential_2_1/tf_bottleneck_1/add,146 147 148 149 150 151 152 153 154 155 156 157 158 159 160 161 162 163 164 165 166 167 168 169 170 171 172 173 174 175 176 177 178 179 180 181 182 183 184 185 186 187 188 189 190 191 192 193 194 195 196 197 198 199 200 205 206 207 208 209 210 211 212 213 214 215 216 217 218 219 220 221 222 223 224 225 226 227 228 229 230 231 232 233 234 235 236 237 238 239 240 241 242 243 244 245 246 247 248 249 250 251 252 253 254 255 256 257 258 259 265 266 267 268 269 270 271 272 273 274 275 283 286 292 293,15690900,409600
functional_15_1/tfc3_1/tf_conv_3_1/conv2d_3_1/BiasAdd;functional_15_1/tfc3_1/tf_conv_3_1/conv2d_3_1/convolution;,146 147 148 149 150 151 152 153 154 155 156 157 158 159 160 161 162 163 164 165 166 167 168 169 170 171 172 173 174 175 176 177 178 179 180 181 182 183 184 185 186 187 188 189 190 191 192 193 194 195 196 197 198 199 200 205 206 207 208 209 210 211 212 213 214 215 216 217 218 219 220 221 222 223 224 225 226 227 228 229 230 231 232 233 234 235 236 237 238 239 240 241 242 243 244 245 246 247 248 249 250 251 252 253 254 255 256 257 258 259 265 266 267 268 269 270 271 272 273 274 275 283 293 294,14052500,13107200
functional_15_1/tfc3_1/tf_conv_3_1/Sigmoid,146 147 148 149 150 151 152 153 154 155 156 157 158 159 160 161 162 163 164 165 166 167 168 169 170 171 172 173 174 175 176 177 178 179 180 181 182 183 184 185 186 187 188 189 190 191 192 193 194 195 196 197 198 199 205 206 207 208 209 210 211 212 213 214 215 216 217 218 219 220 221 222 223 224 225 226 227 228 229 230 231 232 233 234 235 236 237 238 239 240 241 242 243 244 245 246 247 248 249 250 251 252 253 254 255 256 257 258 265 266 267 268 269 270 271 272 273 274 275 293 294 295,12411988,0
functional_15_1/tfc3_1/tf_conv_3_1/mul_1,146 147 148 149 150 151 152 153 154 155 156 157 158 159 160 161 162 163 164 165 166 167 168 169 170 171 172 173 174 175 176 177 178 179 180 181 182 183 184 185 186 187 188 189 190 191 192 193 194 195 196 197 198 199 205 206 207 208 209 210 211 212 213 214 215 216 217 218 219 220 221 222 223 224 225 226 227 228 229 230 231 232 233 234 235 236 237 238 239 240 241 242 243 244 245 246 247 248 249 250 251 252 253 254 255 256 257 258 265 266 267 268 269 270 271 272 273 274 275 293 294 295 296,14050388,0
functional_15_1/tfc3_1/concat,146 147 148 149 150 151 152 153 154 155 156 157 158 159 160 161 162 163 164 165 166 167 168 169 170 171 172 173 174 175 176 177 178 179 180 181 182 183 184 185 186 187 188 189 190 191 192 193 194 195 196 197 198 199 205 206 207 208 209 210 211 212 213 214 215 216 217 218 219 220 221 222 223 224 225 226 227 228 229 230 231 232 233 234 235 236 237 238 239 240 241 242 243 244 245 246 247 248 249 250 251 252 253 254 255 256 257 258 265 266 267 268 269 270 271 272 273 274 275 293 296 297,14050388,0
functional_15_1/tfc3_1/tf_conv_4_1/conv2d_4_1/BiasAdd;functional_15_1/tfc3_1/tf_conv_4_1/conv2d_4_1/convolution;,146 147 148 149 150 151 152 153 154 155 156 157 158 159 160 161 162 163 164 165 166 167 168 169 170 171 172 173 174 175 176 177 178 179 180 181 182 183 184 185 186 187 188 189 190 191 192 193 194 195 196 197 198 199 205 206 207 208 209 210 211 212 213 214 215 216 217 218 219 220 221 222 223 224 225 226 227 228 229 230 231 232 233 234 235 236 237 238 239 240 241 242 243 244 245 246 247 248 249 250 251 252 253 254 255 256 257 258 265 266 267 268 269 270 271 272 273 274 275 297 298,14050388,26214400
functional_15_1/tfc3_1/tf_conv_4_1/Sigmoid,146 147 148 149 150 151 152 153 154 155 156 157 158 159 160 161 162 163 164 165 166 167 168 169 170 171 172 173 174 175 176 177 178 179 180 181 182 183 184 185 186 187 188 189 190 191 192 193 194 195 196 197 198 205 206 207 208 209 210 211 212 213 214 215 216 217 218 219 220 221 222 223 224 225 226 227 228 229 230 231 232 233 234 235 236 237 238 239 240 241 242 243 244 245 246 247 248 249 250 251 252 253 254 255 256 257 265 266 267 268 269 270 271 272 273 274 275 298 299,14046164,0
functional_15_1/tfc3_1/tf_conv_4_1/mul_1,146 147 148 149 150 151 152 153 154 155 156 157 158 159 160 161 162 163 164 165 166 167 168 169 170 171 172 173 174 175 176 177 178 179 180 181 182 183 184 185 186 187 188 189 190 191 192 193 194 195 196 197 198 205 206 207 208 209 210 211 212 213 214 215 216 217 218 219 220 221 222 223 224 225 226 227 228 229 230 231 232 233 234 235 236 237 238 239 240 241 242 243 244 245 246 247 248 249 250 251 252 253 254 255 256 257 265 266 267 268 269 270 271 272 273 274 275 298 299 300,17322964,0
functional_15_1/tf_conv_7_1/sequential_3_1/tf_pad_2_1/Pad,146 147 148 149 150 151 152 153 154 155 156 157 158 159 160 161 162 163 164 165 166 167 168 169 170 171 172 173 174 175 176 177 178 179 180 181 182 183 184 185 186 187 188 189 190 191 192 193 194 195 196 197 198 205 206 207 208 209 210 211 212 213 214 215 216 217 218 219 220 221 222 223 224 225 226 227 228 229 230 231 232 233 234 235 236 237 238 239 240 241 242 243 244 245 246 247 248 249 250 251 252 253 254 255 256 257 265 266 267 268 269 270 271 272 273 274 275 300 301,14128596,0
functional_15_1/tf_conv_7_1/sequential_3_1/conv2d_7_1/BiasAdd;functional_15_1/tf_conv_7_1/sequential_3_1/conv2d_7_1/convolution;functional_15_1/tf_conv_7_1/sequential_3_1/conv2d_7_1/Squeeze,146 147 148 149 150 151 152 153 154 155 156 157 158 159 160 161 162 163 164 165 166 167 168 169 170 171 172 173 174 175 176 177 178 179 180 181 182 183 184 185 186 187 188 189 190 191 192 193 194 195 196 197 198 205 206 207 208 209 210 211 212 213 214 215 216 217 218 219 220 221 222 223 224 225 226 227 228 229 230 231 232 233 234 235 236 237 238 239 240 241 242 243 244 245 246 247 248 249 250 251 252 253 254 255 256 257 265 266 267 268 269 270 271 272 273 274 275 301 302,12490196,117964800
functional_15_1/tf_conv_7_1/Sigmoid,146 147 148 149 150 151 152 153 154 155 156 157 158 159 160 161 162 163 164 165 166 167 168 169 170 171 172 173 174 175 176 177 178 179 180 181 182 183 184 185 186 187 188 189 190 191 192 193 194 195 196 197 205 206 207 208 209 210 211 212 213 214 215 216 217 218 219 220 221 222 223 224 225 226 227 228 229 230 231 232 233 234 235 236 237 238 239 240 241 242 243 244 245 246 247 248 249 250 251 252 253 254 255 256 265 266 267 268 269 270 271 272 273 274 275 302 303,10695380,0
functional_15_1/tf_conv_7_1/mul_1,146 147 148 149 150 151 152 153 154 155 156 157 158 159 160 161 162 163 164 165 166 167 168 169 170 171 172 173 174 175 176 177 178 179 180 181 182 183 184 185 186 187 188 189 190 191 192 193 194 195 196 197 205 206 207 208 209 210 211 212 213 214 215 216 217 218 219 220 221 222 223 224 225 226 227 228 229 230 231 232 233 234 235 236 237 238 239 240 241 242 243 244 245 246 247 248 249 250 251 252 253 254 255 256 265 266 267 268 269 270 271 272 273 274 275 302 303 304,12333780,0
functional_15_1/tfc3_1_2/tf_conv_8_1/conv2d_8_1/BiasAdd;functional_15_1/tfc3_1_2/tf_conv_8_1/conv2d_8_1/convolution;,146 147 148 149 150 151 152 153 154 155 156 157 158 159 160 161 162 163 164 165 166 167 168 169 170 171 172 173 174 175 176 177 178 179 180 181 182 183 184 185 186 187 188 189 190 191 192 193 194 195 196 197 205 206 207 208 209 210 211 212 213 214 215 216 217 218 219 220 221 222 223 224 225 226 227 228 229 230 231 232 233 234 235 236 237 238 239 240 241 242 243 244 245 246 247 248 249 250 251 252 253 254 255 256 265 266 267 268 269 270 271 272 273 274 275 304 305,9876180,13107200
functional_15_1/tfc3_1_2/tf_conv_8_1/Sigmoid,146 147 148 149 150 151 152 153 154 155 156 157 158 159 160 161 162 163 164 165 166 167 168 169 170 171 172 173 174 175 176 177 178 179 180 181 182 183 184 185 186 187 188 189 190 191 192 193 194 195 196 205 206 207 208 209 210 211 212 213 214 215 216 217 218 219 220 221 222 223 224 225 226 227 228 229 230 231 232 233 234 235 236 237 238 239 240 241 242 243 244 245 246 247 248 249 250 251 252 253 254 255 265 266 267 268 269 270 271 272 273 274 275 304 305 306,10687060,0
functional_15_1/tfc3_1_2/tf_conv_8_1/mul_1,146 147 148 149 150 151 152 153 154 155 156 157 158 159 160 161 162 163 164 165 166 167 168 169 170 171 172 173 174 175 176 177 178 179 180 181 182 183 184 185 186 187 188 189 190 191 192 193 194 195 196 205 206 207 208 209 210 211 212 213 214 215 216 217 218 219 220 221 222 223 224 225 226 227 228 229 230 231 232 233 234 235 236 237 238 239 240 241 242 243 244 245 246 247 248 249 250 251 252 253 254 255 265 266 267 268 269 270 271 272 273 274 275 304 305 306 307,11506260,0
functional_15_1/tfc3_1_2/sequential_4_1/tf_bottleneck_1_1/tf_conv_11_1/conv2d_11_1/BiasAdd;functional_15_1/tfc3_1_2/sequential_4_1/tf_bottleneck_1_1/tf_conv_11_1/conv2d_11_1/convolution;,146 147 148 149 150 151 152 153 154 155 156 157 158 159 160 161 162 163 164 165 166 167 168 169 170 171 172 173 174 175 176 177 178 179 180 181 182 183 184 185 186 187 188 189 190 191 192 193 194 195 196 205 206 207 208 209 210 211 212 213 214 215 216 217 218 219 220 221 222 223 224 225 226 227 228 229 230 231 232 233 234 235 236 237 238 239 240 241 242 243 244 245 246 247 248 249 250 251 252 253 254 255 265 266 267 268 269 270 271 272 273 274 275 304 307 308,10687060,6553600
functional_15_1/tfc3_1_2/sequential_4_1/tf_bottleneck_1_1/tf_conv_11_1/Sigmoid,146 147 148 149 150 151 152 153 154 155 156 157 158 159 160 161 162 163 164 165 166 167 168 169 170 171 172 173 174 175 176 177 178 179 180 181 182 183 184 185 186 187 188 189 190 191 192 193 194 195 205 206 207 208 209 210 211 212 213 214 215 216 217 218 219 220 221 222 223 224 225 226 227 228 229 230 231 232 233 234 235 236 237 238 239 240 241 242 243 244 245 246 247 248 249 250 251 252 253 254 265 266 267 268 269 270 271 272 273 274 275 304 307 308 309,11502036,0
functional_15_1/tfc3_1_2/sequential_4_1/tf_bottleneck_1_1/tf_conv_11_1/mul_1,146 147 148 149 150 151 152 153 154 155 156 157 158 159 160 161 162 163 164 165 166 167 168 169 170 171 172 173 174 175 176 177 178 179 180 181 182 183 184 185 186 187 188 189 190 191 192 193 194 195 205 206 207 208 209 210 211 212 213 214 215 216 217 218 219 220 221 222 223 224 225 226 227 228 229 230 231 232 233 234 235 236 237 238 239 240 241 242 243 244 245 246 247 248 249 250 251 252 253 254 265 266 267 268 269 270 271 272 273 274 275 304 307 308 309 310,12321236,0
functional_15_1/tfc3_1_2/sequential_4_1/tf_bottleneck_1_1/tf_conv_12_1/conv2d_12_1/BiasAdd;functional_15_1/tfc3_1_2/sequential_4_1/tf_bottleneck_1_1/tf_conv_12_1/conv2d_12_1/convolution;,146 147 148 149 150 151 152 153 154 155 156 157 158 159 160 161 162 163 164 165 166 167 168 169 170 171 172 173 174 175 176 177 178 179 180 181 182 183 184 185 186 187 188 189 190 191 192 193 194 195 205 206 207 208 209 210 211 212 213 214 215 216 217 218 219 220 221 222 223 224 225 226 227 228 229 230 231 232 233 234 235 236 237 238 239 240 241 242 243 244 245 246 247 248 249 250 251 252 253 254 265 266 267 268 269 270 271 272 273 274 275 304 307 310 311,11502036,58982400
functional_15_1/tfc3_1_2/sequential_4_1/tf_bottleneck_1_1/tf_conv_12_1/Sigmoid,146 147 148 149 150 151 152 153 154 155 156 157 158 159 160 161 162 163 164 165 166 167 168 169 170 171 172 173 174 175 176 177 178 179 180 181 182 183 184 185 186 187 188 189 190 191 192 193 194 205 206 207 208 209 210 211 212 213 214 215 216 217 218 219 220 221 222 223 224 225 226 227 228 229 230 231 232 233 234 235 236 237 238 239 240 241 242 243 244 245 246 247 248 249 250 251 252 253 265 266 267 268 269 270 271 272 273 274 275 304 307 311 312,11465044,0
functional_15_1/tfc3_1_2/sequential_4_1/tf_bottleneck_1_1/tf_conv_12_1/mul_1,146 147 148 149 150 151 152 153 154 155 156 157 158 159 160 161 162 163 164 165 166 167 168 169 170 171 172 173 174 175 176 177 178 179 180 181 182 183 184 185 186 187 188 189 190 191 192 193 194 205 206 207 208 209 210 211 212 213 214 215 216 217 218 219 220 221 222 223 224 225 226 227 228 229 230 231 232 233 234 235 236 237 238 239 240 241 242 243 244 245 246 247 248 249 250 251 252 253 265 266 267 268 269 270 271 272 273 274 275 304 307 311 312 313,12284244,0
functional_15_1/tfc3_1_2/sequential_4_1/tf_bottleneck_1_1/add,146 147 148 149 150 151 152 153 154 155 156 157 158 159 160 161 162 163 164 165 166 167 168 169 170 171 172 173 174 175 176 177 178 179 180 181 182 183 184 185 186 187 188 189 190 191 192 193 194 205 206 207 208 209 210 211 212 213 214 215 216 217 218 219 220 221 222 223 224 225 226 227 228 229 230 231 232 233 234 235 236 237 238 239 240 241 242 243 244 245 246 247 248 249 250 251 252 253 265 266 267 268 269 270 271 272 273 274 275 304 307 313 314,11465044,204800
functional_15_1/tfc3_1_2/sequential_4_1/tf_bottleneck_2_1/tf_conv_13_1/conv2d_13_1/BiasAdd;functional_15_1/tfc3_1_2/sequential_4_1/tf_bottleneck_2_1/tf_conv_13_1/conv2d_13_1/convolution;,146 147 148 149 150 151 152 153 154 155 156 157 158 159 160 161 162 163 164 165 166 167 168 169 170 171 172 173 174 175 176 177 178 179 180 181 182 183 184 185 186 187 188 189 190 191 192 193 194 205 206 207 208 209 210 211 212 213 214 215 216 217 218 219 220 221 222 223 224 225 226 227 228 229 230 231 232 233 234 235 236 237 238 239 240 241 242 243 244 245 246 247 248 249 250 251 252 253 265 266 267 268 269 270 271 272 273 274 275 304 314 315,10645844,6553600
functional_15_1/tfc3_1_2/sequential_4_1/tf_bottleneck_2_1/tf_conv_13_1/Sigmoid,146 147 148 149 150 151 152 153 154 155 156 157 158 159 160 161 162 163 164 165 166 167 168 169 170 171 172 173 174 175 176 177 178 179 180 181 182 183 184 185 186 187 188 189 190 191 192 193 205 206 207 208 209 210 211 212 213 214 215 216 217 218 219 220 221 222 223 224 225 226 227 228 229 230 231 232 233 234 235 236 237 238 239 240 241 242 243 244 245 246 247 248 249 250 251 252 265 266 267 268 269 270 271 272 273 274 275 304 314 315 316,11460820,0
functional_15_1/tfc3_1_2/sequential_4_1/tf_bottleneck_2_1/tf_conv_13_1/mul_1,146 147 148 149 150 151 152 153 154 155 156 157 158 159 160 161 162 163 164 165 166 167 168 169 170 171 172 173 174 175 176 177 178 179 180 181 182 183 184 185 186 187 188 189 190 191 192 193 205 206 207 208 209 210 211 212 213 214 215 216 217 218 219 220 221 222 223 224 225 226 227 228 229 230 231 232 233 234 235 236 237 238 239 240 241 242 243 244 245 246 247 248 249 250 251 252 265 266 267 268 269 270 271 272 273 274 275 304 314 315 316 317,12280020,0
functional_15_1/tfc3_1_2/sequential_4_1/tf_bottleneck_2_1/tf_conv_14_1/conv2d_14_1/BiasAdd;functional_15_1/tfc3_1_2/sequential_4_1/tf_bottleneck_2_1/tf_conv_14_1/conv2d_14_1/convolution;,146 147 148 149 150 151 152 153 154 155 156 157 158 159 160 161 162 163 164 165 166 167 168 169 170 171 172 173 174 175 176 177 178 179 180 181 182 183 184 185 186 187 188 189 190 191 192 193 205 206 207 208 209 210 211 212 213 214 215 216 217 218 219 220 221 222 223 224 225 226 227 228 229 230 231 232 233 234 235 236 237 238 239 240 241 242 243 244 245 246 247 248 249 250 251 252 265 266 267 268 269 270 271 272 273 274 275 304 314 317 318,11460820,58982400
functional_15_1/tfc3_1_2/sequential_4_1/tf_bottleneck_2_1/tf_conv_14_1/Sigmoid,146 147 148 149 150 151 152 153 154 155 156 157 158 159 160 161 162 163 164 165 166 167 168 169 170 171 172 173 174 175 176 177 178 179 180 181 182 183 184 185 186 187 188 189 190 191 192 205 206 207 208 209 210 211 212 213 214 215 216 217 218 219 220 221 222 223 224 225 226 227 228 229 230 231 232 233 234 235 236 237 238 239 240 241 242 243 244 245 246 247 248 249 250 251 265 266 267 268 269 270 271 272 273 274 275 304 314 318 319,11423828,0
functional_15_1/tfc3_1_2/sequential_4_1/tf_bottleneck_2_1/tf_conv_14_1/mul_1,146 147 148 149 150 151 152 153 154 155 156 157 158 159 160 161 162 163 164 165 166 167 168 169 170 171 172 173 174 175 176 177 178 179 180 181 182 183 184 185 186 187 188 189 190 191 192 205 206 207 208 209 210 211 212 213 214 215 216 217 218 219 220 221 222 223 224 225 226 227 228 229 230 231 232 233 234 235 236 237 238 239 240 241 242 243 244 245 246 247 248 249 250 251 265 266 267 268 269 270 271 272 273 274 275 304 314 318 319 320,12243028,0
functional_15_1/tfc3_1_2/sequential_4_1/tf_bottleneck_2_1/add,146 147 148 149 150 151 152 153 154 155 156 157 158 159 160 161 162 163 164 165 166 167 168 169 170 171 172 173 174 175 176 177 178 179 180 181 182 183 184 185 186 187 188 189 190 191 192 205 206 207 208 209 210 211 212 213 214 215 216 217 218 219 220 221 222 223 224 225 226 227 228 229 230 231 232 233 234 235 236 237 238 239 240 241 242 243 244 245 246 247 248 249 250 251 265 266 267 268 269 270 271 272 273 274 275 304 314 320 321,11423828,204800
functional_15_1/tfc3_1_2/tf_conv_9_1/conv2d_9_1/BiasAdd;functional_15_1/tfc3_1_2/tf_conv_9_1/conv2d_9_1/convolution;,146 147 148 149 150 151 152 153 154 155 156 157 158 159 160 161 162 163 164 165 166 167 168 169 170 171 172 173 174 175 176 177 178 179 180 181 182 183 184 185 186 187 188 189 190 191 192 205 206 207 208 209 210 211 212 213 214 215 216 217 218 219 220 221 222 223 224 225 226 227 228 229 230 231 232 233 234 235 236 237 238 239 240 241 242 243 244 245 246 247 248 249 250 251 265 266 267 268 269 270 271 272 273 274 275 304 321 322,10604628,13107200
functional_15_1/tfc3_1_2/tf_conv_9_1/Sigmoid,146 147 148 149 150 151 152 153 154 155 156 157 158 159 160 161 162 163 164 165 166 167 168 169 170 171 172 173 174 175 176 177 178 179 180 181 182 183 184 185 186 187 188 189 190 191 205 206 207 208 209 210 211 212 213 214 215 216 217 218 219 220 221 222 223 224 225 226 227 228 229 230 231 232 233 234 235 236 237 238 239 240 241 242 243 244 245 246 247 248 249 250 265 266 267 268 269 270 271 272 273 274 275 321 322 323,9777108,0
functional_15_1/tfc3_1_2/tf_conv_9_1/mul_1,146 147 148 149 150 151 152 153 154 155 156 157 158 159 160 161 162 163 164 165 166 167 168 169 170 171 172 173 174 175 176 177 178 179 180 181 182 183 184 185 186 187 188 189 190 191 205 206 207 208 209 210 211 212 213 214 215 216 217 218 219 220 221 222 223 224 225 226 227 228 229 230 231 232 233 234 235 236 237 238 239 240 241 242 243 244 245 246 247 248 249 250 265 266 267 268 269 270 271 272 273 274 275 321 322 323 324,10596308,0
functional_15_1/tfc3_1_2/concat,146 147 148 149 150 151 152 153 154 155 156 157 158 159 160 161 162 163 164 165 166 167 168 169 170 171 172 173 174 175 176 177 178 179 180 181 182 183 184 185 186 187 188 189 190 191 205 206 207 208 209 210 211 212 213 214 215 216 217 218 219 220 221 222 223 224 225 226 227 228 229 230 231 232 233 234 235 236 237 238 239 240 241 242 243 244 245 246 247 248 249 250 265 266 267 268 269 270 271 272 273 274 275 321 324 325,10596308,0
functional_15_1/tfc3_1_2/tf_conv_10_1/conv2d_10_1/BiasAdd;functional_15_1/tfc3_1_2/tf_conv_10_1/conv2d_10_1/convolution;,146 147 148 149 150 151 152 153 154 155 156 157 158 159 160 161 162 163 164 165 166 167 168 169 170 171 172 173 174 175 176 177 178 179 180 181 182 183 184 185 186 187 188 189 190 191 205 206 207 208 209 210 211 212 213 214 215 216 217 218 219 220 221 222 223 224 225 226 227 228 229 230 231 232 233 234 235 236 237 238 239 240 241 242 243 244 245 246 247 248 249 250 265 266 267 268 269 270 271 272 273 274 275 325 326,10596308,26214400
functional_15_1/tfc3_1_2/tf_conv_10_1/Sigmoid,146 147 148 149 150 151 152 153 154 155 156 157 158 159 160 161 162 163 164 165 166 167 168 169 170 171 172 173 174 175 176 177 178 179 180 181 182 183 184 185 186 187 188 189 190 205 206 207 208 209 210 211 212 213 214 215 216 217 218 219 220 221 222 223 224 225 226 227 228 229 230 231 232 233 234 235 236 237 238 239 240 241 242 243 244 245 246 247 248 249 265 266 267 268 269 270 271 272 273 274 275 326 327,10579668,0
functional_15_1/tfc3_1_2/tf_conv_10_1/mul_1,146 147 148 149 150 151 152 153 154 155 156 157 158 159 160 161 162 163 164 165 166 167 168 169 170 171 172 173 174 175 176 177 178 179 180 181 182 183 184 185 186 187 188 189 190 205 206 207 208 209 210 211 212 213 214 215 216 217 218 219 220 221 222 223 224 225 226 227 228 229 230 231 232 233 234 235 236 237 238 239 240 241 242 243 244 245 246 247 248 249 265 266 267 268 269 270 271 272 273 274 275 326 327 328,12218068,0
functional_15_1/tf_conv_15_1/sequential_5_1/tf_pad_3_1/Pad,146 147 148 149 150 151 152 153 154 155 156 157 158 159 160 161 162 163 164 165 166 167 168 169 170 171 172 173 174 175 176 177 178 179 180 181 182 183 184 185 186 187 188 189 190 205 206 207 208 209 210 211 212 213 214 215 216 217 218 219 220 221 222 223 224 225 226 227 228 229 230 231 232 233 234 235 236 237 238 239 240 241 242 243 244 245 246 247 248 249 265 266 267 268 269 270 271 272 273 274 275 328 329,10662612,0
functional_15_1/tf_conv_15_1/sequential_5_1/conv2d_15_1/BiasAdd;functional_15_1/tf_conv_15_1/sequential_5_1/conv2d_15_1/convolution;functional_15_1/tf_conv_15_1/sequential_5_1/conv2d_15_1/Squeeze,146 147 148 149 150 151 152 153 154 155 156 157 158 159 160 161 162 163 164 165 166 167 168 169 170 171 172 173 174 175 176 177 178 179 180 181 182 183 184 185 186 187 188 189 190 205 206 207 208 209 210 211 212 213 214 215 216 217 218 219 220 221 222 223 224 225 226 227 228 229 230 231 232 233 234 235 236 237 238 239 240 241 242 243 244 245 246 247 248 249 265 266 267 268 269 270 271 272 273 274 275 328 329 330,11481812,117964800
functional_15_1/tf_conv_15_1/Sigmoid,146 147 148 149 150 151 152 153 154 155 156 157 158 159 160 161 162 163 164 165 166 167 168 169 170 171 172 173 174 175 176 177 178 179 180 181 182 183 184 185 186 187 188 189 205 206 207 208 209 210 211 212 213 214 215 216 217 218 219 220 221 222 223 224 225 226 227 228 229 230 231 232 233 234 235 236 237 238 239 240 241 242 243 244 245 246 247 248 265 266 267 268 269 270 271 272 273 274 275 328 330 331,10284244,0
functional_15_1/tf_conv_15_1/mul_1,146 147 148 149 150 151 152 153 154 155 156 157 158 159 160 161 162 163 164 165 166 167 168 169 170 171 172 173 174 175 176 177 178 179 180 181 182 183 184 185 186 187 188 189 205 206 207 208 209 210 211 212 213 214 215 216 217 218 219 220 221 222 223 224 225 226 227 228 229 230 231 232 233 234 235 236 237 238 239 240 241 242 243 244 245 246 247 248 265 266 267 268 269 270 271 272 273 274 275 328 330 331 332,11103444,0
functional_15_1/tfc3_2_1/tf_conv_16_1/conv2d_16_1/BiasAdd;functional_15_1/tfc3_2_1/tf_conv_16_1/conv2d_16_1/convolution;,146 147 148 149 150 151 152 153 154 155 156 157 158 159 160 161 162 163 164 165 166 167 168 169 170 171 172 173 174 175 176 177 178 179 180 181 182 183 184 185 186 187 188 189 205 206 207 208 209 210 211 212 213 214 215 216 217 218 219 220 221 222 223 224 225 226 227 228 229 230 231 232 233 234 235 236 237 238 239 240 241 242 243 244 245 246 247 248 265 266 267 268 269 270 271 272 273 274 275 328 332 333,9874644,13107200
functional_15_1/tfc3_2_1/tf_conv_16_1/Sigmoid,146 147 148 149 150 151 152 153 154 155 156 157 158 159 160 161 162 163 164 165 166 167 168 169 170 171 172 173 174 175 176 177 178 179 180 181 182 183 184 185 186 187 188 205 206 207 208 209 210 211 212 213 214 215 216 217 218 219 220 221 222 223 224 225 226 227 228 229 230 231 232 233 234 235 236 237 238 239 240 241 242 243 244 245 246 247 265 266 267 268 269 270 271 272 273 274 275 328 332 333 334,10251220,0
functional_15_1/tfc3_2_1/tf_conv_16_1/mul_1,146 147 148 149 150 151 152 153 154 155 156 157 158 159 160 161 162 163 164 165 166 167 168 169 170 171 172 173 174 175 176 177 178 179 180 181 182 183 184 185 186 187 188 205 206 207 208 209 210 211 212 213 214 215 216 217 218 219 220 221 222 223 224 225 226 227 228 229 230 231 232 233 234 235 236 237 238 239 240 241 242 243 244 245 246 247 265 266 267 268 269 270 271 272 273 274 275 328 332 333 334 335,10660820,0
functional_15_1/tfc3_2_1/sequential_6_1/tf_bottleneck_3_1/tf_conv_19_1/conv2d_19_1/BiasAdd;functional_15_1/tfc3_2_1/sequential_6_1/tf_bottleneck_3_1/tf_conv_19_1/conv2d_19_1/convolution;,146 147 148 149 150 151 152 153 154 155 156 157 158 159 160 161 162 163 164 165 166 167 168 169 170 171 172 173 174 175 176 177 178 179 180 181 182 183 184 185 186 187 188 205 206 207 208 209 210 211 212 213 214 215 216 217 218 219 220 221 222 223 224 225 226 227 228 229 230 231 232 233 234 235 236 237 238 239 240 241 242 243 244 245 246 247 265 266 267 268 269 270 271 272 273 274 275 328 332 335 336,10251220,6553600
functional_15_1/tfc3_2_1/sequential_6_1/tf_bottleneck_3_1/tf_conv_19_1/Sigmoid,146 147 148 149 150 151 152 153 154 155 156 157 158 159 160 161 162 163 164 165 166 167 168 169 170 171 172 173 174 175 176 177 178 179 180 181 182 183 184 185 186 187 205 206 207 208 209 210 211 212 213 214 215 216 217 218 219 220 221 222 223 224 225 226 227 228 229 230 231 232 233 234 235 236 237 238 239 240 241 242 243 244 245 246 265 266 267 268 269 270 271 272 273 274 275 328 332 335 336 337,10644180,0
functional_15_1/tfc3_2_1/sequential_6_1/tf_bottleneck_3_1/tf_conv_19_1/mul_1,146 147 148 149 150 151 152 153 154 155 156 157 158 159 160 161 162 163 164 165 166 167 168 169 170 171 172 173 174 175 176 177 178 179 180 181 182 183 184 185 186 187 205 206 207 208 209 210 211 212 213 214 215 216 217 218 219 220 221 222 223 224 225 226 227 228 229 230 231 232 233 234 235 236 237 238 239 240 241 242 243 244 245 246 265 266 267 268 269 270 271 272 273 274 275 328 332 335 336 337 338,11053780,0
functional_15_1/tfc3_2_1/sequential_6_1/tf_bottleneck_3_1/tf_conv_20_1/conv2d_20_1/BiasAdd;functional_15_1/tfc3_2_1/sequential_6_1/tf_bottleneck_3_1/tf_conv_20_1/conv2d_20_1/convolution;,146 147 148 149 150 151 152 153 154 155 156 157 158 159 160 161 162 163 164 165 166 167 168 169 170 171 172 173 174 175 176 177 178 179 180 181 182 183 184 185 186 187 205 206 207 208 209 210 211 212 213 214 215 216 217 218 219 220 221 222 223 224 225 226 227 228 229 230 231 232 233 234 235 236 237 238 239 240 241 242 243 244 245 246 265 266 267 268 269 270 271 272 273 274 275 328 332 335 338 339,10644180,58982400
functional_15_1/tfc3_2_1/sequential_6_1/tf_bottleneck_3_1/tf_conv_20_1/Sigmoid,146 147 148 149 150 151 152 153 154 155 156 157 158 159 160 161 162 163 164 165 166 167 168 169 170 171 172 173 174 175 176 177 178 179 180 181 182 183 184 185 186 205 206 207 208 209 210 211 212 213 214 215 216 217 218 219 220 221 222 223 224 225 226 227 228 229 230 231 232 233 234 235 236 237 238 239 240 241 242 243 244 245 265 266 267 268 269 270 271 272 273 274 275 328 332 335 339 340,10496468,0
functional_15_1/tfc3_2_1/sequential_6_1/tf_bottleneck_3_1/tf_conv_20_1/mul_1,146 147 148 149 150 151 152 153 154 155 156 157 158 159 160 161 162 163 164 165 166 167 168 169 170 171 172 173 174 175 176 177 178 179 180 181 182 183 184 185 186 205 206 207 208 209 210 211 212 213 214 215 216 217 218 219 220 221 222 223 224 225 226 227 228 229 230 231 232 233 234 235 236 237 238 239 240 241 242 243 244 245 265 266 267 268 269 270 271 272 273 274 275 328 332 335 339 340 341,10906068,0
functional_15_1/tfc3_2_1/sequential_6_1/tf_bottleneck_3_1/add,146 147 148 149 150 151 152 153 154 155 156 157 158 159 160 161 162 163 164 165 166 167 168 169 170 171 172 173 174 175 176 177 178 179 180 181 182 183 184 185 186 205 206 207 208 209 210 211 212 213 214 215 216 217 218 219 220 221 222 223 224 225 226 227 228 229 230 231 232 233 234 235 236 237 238 239 240 241 242 243 244 245 265 266 267 268 269 270 271 272 273 274 275 328 332 335 341 342,10496468,102400
functional_15_1/tfc3_2_1/sequential_6_1/tf_bottleneck_4_1/tf_conv_21_1/conv2d_21_1/BiasAdd;functional_15_1/tfc3_2_1/sequential_6_1/tf_bottleneck_4_1/tf_conv_21_1/conv2d_21_1/convolution;,146 147 148 149 150 151 152 153 154 155 156 157 158 159 160 161 162 163 164 165 166 167 168 169 170 171 172 173 174 175 176 177 178 179 180 181 182 183 184 185 186 205 206 207 208 209 210 211 212 213 214 215 216 217 218 219 220 221 222 223 224 225 226 227 228 229 230 231 232 233 234 235 236 237 238 239 240 241 242 243 244 245 265 266 267 268 269 270 271 272 273 274 275 328 332 342 343,10086868,6553600
functional_15_1/tfc3_2_1/sequential_6_1/tf_bottleneck_4_1/tf_conv_21_1/Sigmoid,146 147 148 149 150 151 152 153 154 155 156 157 158 159 160 161 162 163 164 165 166 167 168 169 170 171 172 173 174 175 176 177 178 179 180 181 182 183 184 185 205 206 207 208 209 210 211 212 213 214 215 216 217 218 219 220 221 222 223 224 225 226 227 228 229 230 231 232 233 234 235 236 237 238 239 240 241 242 243 244 265 266 267 268 269 270 271 272 273 274 275 328 332 342 343 344,10479828,0
functional_15_1/tfc3_2_1/sequential_6_1/tf_bottleneck_4_1/tf_conv_21_1/mul_1,146 147 148 149 150 151 152 153 154 155 156 157 158 159 160 161 162 163 164 165 166 167 168 169 170 171 172 173 174 175 176 177 178 179 180 181 182 183 184 185 205 206 207 208 209 210 211 212 213 214 215 216 217 218 219 220 221 222 223 224 225 226 227 228 229 230 231 232 233 234 235 236 237 238 239 240 241 242 243 244 265 266 267 268 269 270 271 272 273 274 275 328 332 342 343 344 345,10889428,0
functional_15_1/tfc3_2_1/sequential_6_1/tf_bottleneck_4_1/tf_conv_22_1/conv2d_22_1/BiasAdd;functional_15_1/tfc3_2_1/sequential_6_1/tf_bottleneck_4_1/tf_conv_22_1/conv2d_22_1/convolution;,146 147 148 149 150 151 152 153 154 155 156 157 158 159 160 161 162 163 164 165 166 167 168 169 170 171 172 173 174 175 176 177 178 179 180 181 182 183 184 185 205 206 207 208 209 210 211 212 213 214 215 216 217 218 219 220 221 222 223 224 225 226 227 228 229 230 231 232 233 234 235 236 237 238 239 240 241 242 243 244 265 266 267 268 269 270 271 272 273 274 275 328 332 342 345 346,10479828,58982400
functional_15_1/tfc3_2_1/sequential_6_1/tf_bottleneck_4_1/tf_conv_22_1/Sigmoid,146 147 148 149 150 151 152 153 154 155 156 157 158 159 160 161 162 163 164 165 166 167 168 169 170 171 172 173 174 175 176 177 178 179 180 181 182 183 184 205 206 207 208 209 210 211 212 213 214 215 216 217 218 219 220 221 222 223 224 225 226 227 228 229 230 231 232 233 234 235 236 237 238 239 240 241 242 243 265 266 267 268 269 270 271 272 273 274 275 328 332 342 346 347,10332116,0
functional_15_1/tfc3_2_1/sequential_6_1/tf_bottleneck_4_1/tf_conv_22_1/mul_1,146 147 148 149 150 151 152 153 154 155 156 157 158 159 160 161 162 163 164 165 166 167 168 169 170 171 172 173 174 175 176 177 178 179 180 181 182 183 184 205 206 207 208 209 210 211 212 213 214 215 216 217 218 219 220 221 222 223 224 225 226 227 228 229 230 231 232 233 234 235 236 237 238 239 240 241 242 243 265 266 267 268 269 270 271 272 273 274 275 328 332 342 346 347 348,10741716,0
functional_15_1/tfc3_2_1/sequential_6_1/tf_bottleneck_4_1/add,146 147 148 149 150 151 152 153 154 155 156 157 158 159 160 161 162 163 164 165 166 167 168 169 170 171 172 173 174 175 176 177 178 179 180 181 182 183 184 205 206 207 208 209 210 211 212 213 214 215 216 217 218 219 220 221 222 223 224 225 226 227 228 229 230 231 232 233 234 235 236 237 238 239 240 241 242 243 265 266 267 268 269 270 271 272 273 274 275 328 332 342 348 349,10332116,102400
functional_15_1/tfc3_2_1/sequential_6_1/tf_bottleneck_5_1/tf_conv_23_1/conv2d_23_1/BiasAdd;functional_15_1/tfc3_2_1/sequential_6_1/tf_bottleneck_5_1/tf_conv_23_1/conv2d_23_1/convolution;,146 147 148 149 150 151 152 153 154 155 156 157 158 159 160 161 162 163 164 165 166 167 168 169 170 171 172 173 174 175 176 177 178 179 180 181 182 183 184 205 206 207 208 209 210 211 212 213 214 215 216 217 218 219 220 221 222 223 224 225 226 227 228 229 230 231 232 233 234 235 236 237 238 239 240 241 242 243 265 266 267 268 269 270 271 272 273 274 275 328 332 349 350,9922516,6553600
functional_15_1/tfc3_2_1/sequential_6_1/tf_bottleneck_5_1/tf_conv_23_1/Sigmoid,146 147 148 149 150 151 152 153 154 155 156 157 158 159 160 161 162 163 164 165 166 167 168 169 170 171 172 173 174 175 176 177 178 179 180 181 182 183 205 206 207 208 209 210 211 212 213 214 215 216 217 218 219 220 221 222 223 224 225 226 227 228 229 230 231 232 233 234 235 236 237 238 239 240 241 242 265 266 267 268 269 270 271 272 273 274 275 328 332 349 350 351,10315476,0
functional_15_1/tfc3_2_1/sequential_6_1/tf_bottleneck_5_1/tf_conv_23_1/mul_1,146 147 148 149 150 151 152 153 154 155 156 157 158 159 160 161 162 163 164 165 166 167 168 169 170 171 172 173 174 175 176 177 178 179 180 181 182 183 205 206 207 208 209 210 211 212 213 214 215 216 217 218 219 220 221 222 223 224 225 226 227 228 229 230 231 232 233 234 235 236 237 238 239 240 241 242 265 266 267 268 269 270 271 272 273 274 275 328 332 349 350 351 352,10725076,0
functional_15_1/tfc3_2_1/sequential_6_1/tf_bottleneck_5_1/tf_conv_24_1/conv2d_24_1/BiasAdd;functional_15_1/tfc3_2_1/sequential_6_1/tf_bottleneck_5_1/tf_conv_24_1/conv2d_24_1/convolution;,146 147 148 149 150 151 152 153 154 155 156 157 158 159 160 161 162 163 164 165 166 167 168 169 170 171 172 173 174 175 176 177 178 179 180 181 182 183 205 206 207 208 209 210 211 212 213 214 215 216 217 218 219 220 221 222 223 224 225 226 227 228 229 230 231 232 233 234 235 236 237 238 239 240 241 242 265 266 267 268 269 270 271 272 273 274 275 328 332 349 352 353,10315476,58982400
functional_15_1/tfc3_2_1/sequential_6_1/tf_bottleneck_5_1/tf_conv_24_1/Sigmoid,146 147 148 149 150 151 152 153 154 155 156 157 158 159 160 161 162 163 164 165 166 167 168 169 170 171 172 173 174 175 176 177 178 179 180 181 182 205 206 207 208 209 210 211 212 213 214 215 216 217 218 219 220 221 222 223 224 225 226 227 228 229 230 231 232 233 234 235 236 237 238 239 240 241 265 266 267 268 269 270 271 272 273 274 275 328 332 349 353 354,10167764,0
functional_15_1/tfc3_2_1/sequential_6_1/tf_bottleneck_5_1/tf_conv_24_1/mul_1,146 147 148 149 150 151 152 153 154 155 156 157 158 159 160 161 162 163 164 165 166 167 168 169 170 171 172 173 174 175 176 177 178 179 180 181 182 205 206 207 208 209 210 211 212 213 214 215 216 217 218 219 220 221 222 223 224 225 226 227 228 229 230 231 232 233 234 235 236 237 238 239 240 241 265 266 267 268 269 270 271 272 273 274 275 328 332 349 353 354 355,10577364,0
functional_15_1/tfc3_2_1/sequential_6_1/tf_bottleneck_5_1/add,146 147 148 149 150 151 152 153 154 155 156 157 158 159 160 161 162 163 164 165 166 167 168 169 170 171 172 173 174 175 176 177 178 179 180 181 182 205 206 207 208 209 210 211 212 213 214 215 216 217 218 219 220 221 222 223 224 225 226 227 228 229 230 231 232 233 234 235 236 237 238 239 240 241 265 266 267 268 269 270 271 272 273 274 275 328 332 349 355 356,10167764,102400
functional_15_1/tfc3_2_1/tf_conv_17_1/conv2d_17_1/BiasAdd;functional_15_1/tfc3_2_1/tf_conv_17_1/conv2d_17_1/convolution;,146 147 148 149 150 151 152 153 154 155 156 157 158 159 160 161 162 163 164 165 166 167 168 169 170 171 172 173 174 175 176 177 178 179 180 181 182 205 206 207 208 209 210 211 212 213 214 215 216 217 218 219 220 221 222 223 224 225 226 227 228 229 230 231 232 233 234 235 236 237 238 239 240 241 265 266 267 268 269 270 271 272 273 274 275 328 332 356 357,9758164,13107200
functional_15_1/tfc3_2_1/tf_conv_17_1/Sigmoid,146 147 148 149 150 151 152 153 154 155 156 157 158 159 160 161 162 163 164 165 166 167 168 169 170 171 172 173 174 175 176 177 178 179 180 181 205 206 207 208 209 210 211 212 213 214 215 216 217 218 219 220 221 222 223 224 225 226 227 228 229 230 231 232 233 234 235 236 237 238 239 240 265 266 267 268 269 270 271 272 273 274 275 328 356 357 358,9315540,0
functional_15_1/tfc3_2_1/tf_conv_17_1/mul_1,146 147 148 149 150 151 152 153 154 155 156 157 158 159 160 161 162 163 164 165 166 167 168 169 170 171 172 173 174 175 176 177 178 179 180 181 205 206 207 208 209 210 211 212 213 214 215 216 217 218 219 220 221 222 223 224 225 226 227 228 229 230 231 232 233 234 235 236 237 238 239 240 265 266 267 268 269 270 271 272 273 274 275 328 356 357 358 359,9725140,0
functional_15_1/tfc3_2_1/concat,146 147 148 149 150 151 152 153 154 155 156 157 158 159 160 161 162 163 164 165 166 167 168 169 170 171 172 173 174 175 176 177 178 179 180 181 205 206 207 208 209 210 211 212 213 214 215 216 217 218 219 220 221 222 223 224 225 226 227 228 229 230 231 232 233 234 235 236 237 238 239 240 265 266 267 268 269 270 271 272 273 274 275 328 356 359 360,9725140,0
functional_15_1/tfc3_2_1/tf_conv_18_1/conv2d_18_1/BiasAdd;functional_15_1/tfc3_2_1/tf_conv_18_1/conv2d_18_1/convolution;,146 147 148 149 150 151 152 153 154 155 156 157 158 159 160 161 162 163 164 165 166 167 168 169 170 171 172 173 174 175 176 177 178 179 180 181 205 206 207 208 209 210 211 212 213 214 215 216 217 218 219 220 221 222 223 224 225 226 227 228 229 230 231 232 233 234 235 236 237 238 239 240 265 266 267 268 269 270 271 272 273 274 275 328 360 361,9725140,26214400
functional_15_1/tfc3_2_1/tf_conv_18_1/Sigmoid,146 147 148 149 150 151 152 153 154 155 156 157 158 159 160 161 162 163 164 165 166 167 168 169 170 171 172 173 174 175 176 177 178 179 180 205 206 207 208 209 210 211 212 213 214 215 216 217 218 219 220 221 222 223 224 225 226 227 228 229 230 231 232 233 234 235 236 237 238 239 265 266 267 268 269 270 271 272 273 274 275 328 361 362,9659092,0
functional_15_1/tfc3_2_1/tf_conv_18_1/mul_1,146 147 148 149 150 151 152 153 154 155 156 157 158 159 160 161 162 163 164 165 166 167 168 169 170 171 172 173 174 175 176 177 178 179 180 205 206 207 208 209 210 211 212 213 214 215 216 217 218 219 220 221 222 223 224 225 226 227 228 229 230 231 232 233 234 235 236 237 238 239 265 266 267 268 269 270 271 272 273 274 275 328 361 362 363,10478292,0
functional_15_1/tf_conv_25_1/sequential_7_1/tf_pad_4_1/Pad,146 147 148 149 150 151 152 153 154 155 156 157 158 159 160 161 162 163 164 165 166 167 168 169 170 171 172 173 174 175 176 177 178 179 180 205 206 207 208 209 210 211 212 213 214 215 216 217 218 219 220 221 222 223 224 225 226 227 228 229 230 231 232 233 234 235 236 237 238 239 265 266 267 268 269 270 271 272 273 274 275 328 363 364,9743060,0
functional_15_1/tf_conv_25_1/sequential_7_1/conv2d_25_1/BiasAdd;functional_15_1/tf_conv_25_1/sequential_7_1/conv2d_25_1/convolution;functional_15_1/tf_conv_25_1/sequential_7_1/conv2d_25_1/Squeeze,146 147 148 149 150 151 152 153 154 155 156 157 158 159 160 161 162 163 164 165 166 167 168 169 170 171 172 173 174 175 176 177 178 179 180 205 206 207 208 209 210 211 212 213 214 215 216 217 218 219 220 221 222 223 224 225 226 227 228 229 230 231 232 233 234 235 236 237 238 239 265 266 267 268 269 270 271 272 273 274 275 328 363 364 365,10152660,117964800
functional_15_1/tf_conv_25_1/Sigmoid,146 147 148 149 150 151 152 153 154 155 156 157 158 159 160 161 162 163 164 165 166 167 168 169 170 171 172 173 174 175 176 177 178 179 205 206 207 208 209 210 211 212 213 214 215 216 217 218 219 220 221 222 223 224 225 226 227 228 229 230 231 232 233 234 235 236 237 238 265 266 267 268 269 270 271 272 273 274 275 328 363 365 366,8478420,0
functional_15_1/tf_conv_25_1/mul_1,146 147 148 149 150 151 152 153 154 155 156 157 158 159 160 161 162 163 164 165 166 167 168 169 170 171 172 173 174 175 176 177 178 179 205 206 207 208 209 210 211 212 213 214 215 216 217 218 219 220 221 222 223 224 225 226 227 228 229 230 231 232 233 234 235 236 237 238 265 266 267 268 269 270 271 272 273 274 275 328 363 365 366 367,8888020,0
functional_15_1/tfc3_3_1/tf_conv_26_1/conv2d_26_1/BiasAdd;functional_15_1/tfc3_3_1/tf_conv_26_1/conv2d_26_1/convolution;,146 147 148 149 150 151 152 153 154 155 156 157 158 159 160 161 162 163 164 165 166 167 168 169 170 171 172 173 174 175 176 177 178 179 205 206 207 208 209 210 211 212 213 214 215 216 217 218 219 220 221 222 223 224 225 226 227 228 229 230 231 232 233 234 235 236 237 238 265 266 267 268 269 270 271 272 273 274 275 328 363 367 368,8273620,13107200
functional_15_1/tfc3_3_1/tf_conv_26_1/Sigmoid,146 147 148 149 150 151 152 153 154 155 156 157 158 159 160 161 162 163 164 165 166 167 168 169 170 171 172 173 174 175 176 177 178 205 206 207 208 209 210 211 212 213 214 215 216 217 218 219 220 221 222 223 224 225 226 227 228 229 230 231 232 233 234 235 236 237 265 266 267 268 269 270 271 272 273 274 275 328 363 367 368 369,8346836,0
functional_15_1/tfc3_3_1/tf_conv_26_1/mul_1,146 147 148 149 150 151 152 153 154 155 156 157 158 159 160 161 162 163 164 165 166 167 168 169 170 171 172 173 174 175 176 177 178 205 206 207 208 209 210 211 212 213 214 215 216 217 218 219 220 221 222 223 224 225 226 227 228 229 230 231 232 233 234 235 236 237 265 266 267 268 269 270 271 272 273 274 275 328 363 367 368 369 370,8551636,0
functional_15_1/tfc3_3_1/sequential_8_1/tf_bottleneck_6_1/tf_conv_29_1/conv2d_29_1/BiasAdd;functional_15_1/tfc3_3_1/sequential_8_1/tf_bottleneck_6_1/tf_conv_29_1/conv2d_29_1/convolution;,146 147 148 149 150 151 152 153 154 155 156 157 158 159 160 161 162 163 164 165 166 167 168 169 170 171 172 173 174 175 176 177 178 205 206 207 208 209 210 211 212 213 214 215 216 217 218 219 220 221 222 223 224 225 226 227 228 229 230 231 232 233 234 235 236 237 265 266 267 268 269 270 271 272 273 274 275 328 363 367 370 371,8346836,6553600
functional_15_1/tfc3_3_1/sequential_8_1/tf_bottleneck_6_1/tf_conv_29_1/Sigmoid,146 147 148 149 150 151 152 153 154 155 156 157 158 159 160 161 162 163 164 165 166 167 168 169 170 171 172 173 174 175 176 177 205 206 207 208 209 210 211 212 213 214 215 216 217 218 219 220 221 222 223 224 225 226 227 228 229 230 231 232 233 234 235 236 265 266 267 268 269 270 271 272 273 274 275 328 363 367 370 371 372,8485588,0
functional_15_1/tfc3_3_1/sequential_8_1/tf_bottleneck_6_1/tf_conv_29_1/mul_1,146 147 148 149 150 151 152 153 154 155 156 157 158 159 160 161 162 163 164 165 166 167 168 169 170 171 172 173 174 175 176 177 205 206 207 208 209 210 211 212 213 214 215 216 217 218 219 220 221 222 223 224 225 226 227 228 229 230 231 232 233 234 235 236 265 266 267 268 269 270 271 272 273 274 275 328 363 367 370 371 372 373,8690388,0
functional_15_1/tfc3_3_1/sequential_8_1/tf_bottleneck_6_1/tf_conv_30_1/conv2d_30_1/BiasAdd;functional_15_1/tfc3_3_1/sequential_8_1/tf_bottleneck_6_1/tf_conv_30_1/conv2d_30_1/convolution;,146 147 148 149 150 151 152 153 154 155 156 157 158 159 160 161 162 163 164 165 166 167 168 169 170 171 172 173 174 175 176 177 205 206 207 208 209 210 211 212 213 214 215 216 217 218 219 220 221 222 223 224 225 226 227 228 229 230 231 232 233 234 235 236 265 266 267 268 269 270 271 272 273 274 275 328 363 367 370 373 374,8485588,58982400
functional_15_1/tfc3_3_1/sequential_8_1/tf_bottleneck_6_1/tf_conv_30_1/Sigmoid,146 147 148 149 150 151 152 153 154 155 156 157 158 159 160 161 162 163 164 165 166 167 168 169 170 171 172 173 174 175 176 205 206 207 208 209 210 211 212 213 214 215 216 217 218 219 220 221 222 223 224 225 226 227 228 229 230 231 232 233 234 235 265 266 267 268 269 270 271 272 273 274 275 328 363 367 370 374 375,7895252,0
functional_15_1/tfc3_3_1/sequential_8_1/tf_bottleneck_6_1/tf_conv_30_1/mul_1,146 147 148 149 150 151 152 153 154 155 156 157 158 159 160 161 162 163 164 165 166 167 168 169 170 171 172 173 174 175 176 205 206 207 208 209 210 211 212 213 214 215 216 217 218 219 220 221 222 223 224 225 226 227 228 229 230 231 232 233 234 235 265 266 267 268 269 270 271 272 273 274 275 328 363 367 370 374 375 376,8100052,0
functional_15_1/tfc3_3_1/sequential_8_1/tf_bottleneck_6_1/add,146 147 148 149 150 151 152 153 154 155 156 157 158 159 160 161 162 163 164 165 166 167 168 169 170 171 172 173 174 175 176 205 206 207 208 209 210 211 212 213 214 215 216 217 218 219 220 221 222 223 224 225 226 227 228 229 230 231 232 233 234 235 265 266 267 268 269 270 271 272 273 274 275 328 363 367 370 376 377,7895252,51200
functional_15_1/tfc3_3_1/tf_conv_27_1/conv2d_27_1/BiasAdd;functional_15_1/tfc3_3_1/tf_conv_27_1/conv2d_27_1/convolution;,146 147 148 149 150 151 152 153 154 155 156 157 158 159 160 161 162 163 164 165 166 167 168 169 170 171 172 173 174 175 176 205 206 207 208 209 210 211 212 213 214 215 216 217 218 219 220 221 222 223 224 225 226 227 228 229 230 231 232 233 234 235 265 266 267 268 269 270 271 272 273 274 275 328 363 367 377 378,7690452,13107200
functional_15_1/tfc3_3_1/tf_conv_27_1/Sigmoid,146 147 148 149 150 151 152 153 154 155 156 157 158 159 160 161 162 163 164 165 166 167 168 169 170 171 172 173 174 175 205 206 207 208 209 210 211 212 213 214 215 216 217 218 219 220 221 222 223 224 225 226 227 228 229 230 231 232 233 234 265 266 267 268 269 270 271 272 273 274 275 328 363 377 378 379,7354068,0
functional_15_1/tfc3_3_1/tf_conv_27_1/mul_1,146 147 148 149 150 151 152 153 154 155 156 157 158 159 160 161 162 163 164 165 166 167 168 169 170 171 172 173 174 175 205 206 207 208 209 210 211 212 213 214 215 216 217 218 219 220 221 222 223 224 225 226 227 228 229 230 231 232 233 234 265 266 267 268 269 270 271 272 273 274 275 328 363 377 378 379 380,7558868,0
functional_15_1/tfc3_3_1/concat,146 147 148 149 150 151 152 153 154 155 156 157 158 159 160 161 162 163 164 165 166 167 168 169 170 171 172 173 174 175 205 206 207 208 209 210 211 212 213 214 215 216 217 218 219 220 221 222 223 224 225 226 227 228 229 230 231 232 233 234 265 266 267 268 269 270 271 272 273 274 275 328 363 377 380 381,7558868,0
functional_15_1/tfc3_3_1/tf_conv_28_1/conv2d_28_1/BiasAdd;functional_15_1/tfc3_3_1/tf_conv_28_1/conv2d_28_1/convolution;,146 147 148 149 150 151 152 153 154 155 156 157 158 159 160 161 162 163 164 165 166 167 168 169 170 171 172 173 174 175 205 206 207 208 209 210 211 212 213 214 215 216 217 218 219 220 221 222 223 224 225 226 227 228 229 230 231 232 233 234 265 266 267 268 269 270 271 272 273 274 275 328 363 381 382,7558868,26214400
functional_15_1/tfc3_3_1/tf_conv_28_1/Sigmoid,146 147 148 149 150 151 152 153 154 155 156 157 158 159 160 161 162 163 164 165 166 167 168 169 170 171 172 173 174 205 206 207 208 209 210 211 212 213 214 215 216 217 218 219 220 221 222 223 224 225 226 227 228 229 230 231 232 233 265 266 267 268 269 270 271 272 273 274 275 328 363 382 383,7295700,0
functional_15_1/tfc3_3_1/tf_conv_28_1/mul_1,146 147 148 149 150 151 152 153 154 155 156 157 158 159 160 161 162 163 164 165 166 167 168 169 170 171 172 173 174 205 206 207 208 209 210 211 212 213 214 215 216 217 218 219 220 221 222 223 224 225 226 227 228 229 230 231 232 233 265 266 267 268 269 270 271 272 273 274 275 328 363 382 383 384,7705300,0
functional_15_1/tfsppf_1/tf_conv_31_1/conv2d_31_1/BiasAdd;functional_15_1/tfsppf_1/tf_conv_31_1/conv2d_31_1/convolution;,146 147 148 149 150 151 152 153 154 155 156 157 158 159 160 161 162 163 164 165 166 167 168 169 170 171 172 173 174 205 206 207 208 209 210 211 212 213 214 215 216 217 218 219 220 221 222 223 224 225 226 227 228 229 230 231 232 233 265 266 267 268 269 270 271 272 273 274 275 328 363 384 385,7090900,13107200
functional_15_1/tfsppf_1/tf_conv_31_1/Sigmoid,146 147 148 149 150 151 152 153 154 155 156 157 158 159 160 161 162 163 164 165 166 167 168 169 170 171 172 173 205 206 207 208 209 210 211 212 213 214 215 216 217 218 219 220 221 222 223 224 225 226 227 228 229 230 231 232 265 266 267 268 269 270 271 272 273 274 275 328 363 385 386,6754516,0
functional_15_1/tfsppf_1/tf_conv_31_1/mul_1,146 147 148 149 150 151 152 153 154 155 156 157 158 159 160 161 162 163 164 165 166 167 168 169 170 171 172 173 205 206 207 208 209 210 211 212 213 214 215 216 217 218 219 220 221 222 223 224 225 226 227 228 229 230 231 232 265 266 267 268 269 270 271 272 273 274 275 328 363 385 386 387,6959316,0
functional_15_1/tfsppf_1/max_pooling2d_1/MaxPool2d,146 147 148 149 150 151 152 153 154 155 156 157 158 159 160 161 162 163 164 165 166 167 168 169 170 171 172 173 205 206 207 208 209 210 211 212 213 214 215 216 217 218 219 220 221 222 223 224 225 226 227 228 229 230 231 232 265 266 267 268 269 270 271 272 273 274 275 328 363 387 388,6754516,1280000
functional_15_1/tfsppf_1/max_pooling2d_3/MaxPool2d,146 147 148 149 150 151 152 153 154 155 156 157 158 159 160 161 162 163 164 165 166 167 168 169 170 171 172 173 205 206 207 208 209 210 211 212 213 214 215 216 217 218 219 220 221 222 223 224 225 226 227 228 229 230 231 232 265 266 267 268 269 270 271 272 273 274 275 328 363 387 388 389,6959316,1280000
functional_15_1/tfsppf_1/max_pooling2d_5/MaxPool2d,146 147 148 149 150 151 152 153 154 155 156 157 158 159 160 161 162 163 164 165 166 167 168 169 170 171 172 173 205 206 207 208 209 210 211 212 213 214 215 216 217 218 219 220 221 222 223 224 225 226 227 228 229 230 231 232 265 266 267 268 269 270 271 272 273 274 275 328 363 387 388 389 390,7164116,1280000
functional_15_1/tfsppf_1/concat,146 147 148 149 150 151 152 153 154 155 156 157 158 159 160 161 162 163 164 165 166 167 168 169 170 171 172 173 205 206 207 208 209 210 211 212 213 214 215 216 217 218 219 220 221 222 223 224 225 226 227 228 229 230 231 232 265 266 267 268 269 270 271 272 273 274 275 328 363 387 388 389 390 391,7983316,0
functional_15_1/tfsppf_1/tf_conv_32_1/conv2d_32_1/BiasAdd;functional_15_1/tfsppf_1/tf_conv_32_1/conv2d_32_1/convolution;,146 147 148 149 150 151 152 153 154 155 156 157 158 159 160 161 162 163 164 165 166 167 168 169 170 171 172 173 205 206 207 208 209 210 211 212 213 214 215 216 217 218 219 220 221 222 223 224 225 226 227 228 229 230 231 232 265 266 267 268 269 270 271 272 273 274 275 328 363 391 392,7573716,52428800
functional_15_1/tfsppf_1/tf_conv_32_1/Sigmoid,146 147 148 149 150 151 152 153 154 155 156 157 158 159 160 161 162 163 164 165 166 167 168 169 170 171 172 205 206 207 208 209 210 211 212 213 214 215 216 217 218 219 220 221 222 223 224 225 226 227 228 229 230 231 265 266 267 268 269 270 271 272 273 274 275 328 363 392 393,6638804,0
functional_15_1/tfsppf_1/tf_conv_32_1/mul_1,146 147 148 149 150 151 152 153 154 155 156 157 158 159 160 161 162 163 164 165 166 167 168 169 170 171 172 205 206 207 208 209 210 211 212 213 214 215 216 217 218 219 220 221 222 223 224 225 226 227 228 229 230 231 265 266 267 268 269 270 271 272 273 274 275 328 363 392 393 394,7048404,0
functional_15_1/tf_conv_33_1/conv2d_33_1/BiasAdd;functional_15_1/tf_conv_33_1/conv2d_33_1/convolution;functional_15_1/tf_conv_33_1/conv2d_33_1/Squeeze,146 147 148 149 150 151 152 153 154 155 156 157 158 159 160 161 162 163 164 165 166 167 168 169 170 171 172 205 206 207 208 209 210 211 212 213 214 215 216 217 218 219 220 221 222 223 224 225 226 227 228 229 230 231 265 266 267 268 269 270 271 272 273 274 275 328 363 394 395,6434004,13107200
functional_15_1/tf_conv_33_1/Sigmoid,146 147 148 149 150 151 152 153 154 155 156 157 158 159 160 161 162 163 164 165 166 167 168 169 170 171 205 206 207 208 209 210 211 212 213 214 215 216 217 218 219 220 221 222 223 224 225 226 227 228 229 230 265 266 267 268 269 270 271 272 273 274 275 328 363 395 396,6097620,0
functional_15_1/tf_conv_33_1/mul_1,146 147 148 149 150 151 152 153 154 155 156 157 158 159 160 161 162 163 164 165 166 167 168 169 170 171 205 206 207 208 209 210 211 212 213 214 215 216 217 218 219 220 221 222 223 224 225 226 227 228 229 230 265 266 267 268 269 270 271 272 273 274 275 328 363 395 396 397,6302420,0
functional_15_1/tf_upsample_1/resize/ResizeNearestNeighbor,146 147 148 149 150 151 152 153 154 155 156 157 158 159 160 161 162 163 164 165 166 167 168 169 170 171 205 206 207 208 209 210 211 212 213 214 215 216 217 218 219 220 221 222 223 224 225 226 227 228 229 230 265 266 267 268 269 270 271 272 273 274 275 328 363 397 398,6712020,0
functional_15_1/tf_concat_1/concat,146 147 148 149 150 151 152 153 154 155 156 157 158 159 160 161 162 163 164 165 166 167 168 169 170 171 205 206 207 208 209 210 211 212 213 214 215 216 217 218 219 220 221 222 223 224 225 226 227 228 229 230 265 266 267 268 269 270 271 272 273 274 275 328 363 397 398 399,8350420,0
functional_15_1/tfc3_4_1/tf_conv_34_1/conv2d_34_1/BiasAdd;functional_15_1/tfc3_4_1/tf_conv_34_1/conv2d_34_1/convolution;,146 147 148 149 150 151 152 153 154 155 156 157 158 159 160 161 162 163 164 165 166 167 168 169 170 171 205 206 207 208 209 210 211 212 213 214 215 216 217 218 219 220 221 222 223 224 225 226 227 228 229 230 265 266 267 268 269 270 271 272 273 274 275 328 397 399 400,7121620,26214400
functional_15_1/tfc3_4_1/tf_conv_34_1/Sigmoid,146 147 148 149 150 151 152 153 154 155 156 157 158 159 160 161 162 163 164 165 166 167 168 169 170 205 206 207 208 209 210 211 212 213 214 215 216 217 218 219 220 221 222 223 224 225 226 227 228 229 265 266 267 268 269 270 271 272 273 274 275 328 397 399 400 401,7465428,0
functional_15_1/tfc3_4_1/tf_conv_34_1/mul_1,146 147 148 149 150 151 152 153 154 155 156 157 158 159 160 161 162 163 164 165 166 167 168 169 170 205 206 207 208 209 210 211 212 213 214 215 216 217 218 219 220 221 222 223 224 225 226 227 228 229 265 266 267 268 269 270 271 272 273 274 275 328 397 399 400 401 402,7875028,0
functional_15_1/tfc3_4_1/sequential_9_1/tf_bottleneck_7_1/tf_conv_37_1/conv2d_37_1/BiasAdd;functional_15_1/tfc3_4_1/sequential_9_1/tf_bottleneck_7_1/tf_conv_37_1/conv2d_37_1/convolution;,146 147 148 149 150 151 152 153 154 155 156 157 158 159 160 161 162 163 164 165 166 167 168 169 170 205 206 207 208 209 210 211 212 213 214 215 216 217 218 219 220 221 222 223 224 225 226 227 228 229 265 266 267 268 269 270 271 272 273 274 275 328 397 399 402 403,7465428,6553600
functional_15_1/tfc3_4_1/sequential_9_1/tf_bottleneck_7_1/tf_conv_37_1/Sigmoid,146 147 148 149 150 151 152 153 154 155 156 157 158 159 160 161 162 163 164 165 166 167 168 169 205 206 207 208 209 210 211 212 213 214 215 216 217 218 219 220 221 222 223 224 225 226 227 228 265 266 267 268 269 270 271 272 273 274 275 328 397 399 403 404,7448788,0
functional_15_1/tfc3_4_1/sequential_9_1/tf_bottleneck_7_1/tf_conv_37_1/mul_1,146 147 148 149 150 151 152 153 154 155 156 157 158 159 160 161 162 163 164 165 166 167 168 169 205 206 207 208 209 210 211 212 213 214 215 216 217 218 219 220 221 222 223 224 225 226 227 228 265 266 267 268 269 270 271 272 273 274 275 328 397 399 403 404 405,7858388,0
functional_15_1/tfc3_4_1/sequential_9_1/tf_bottleneck_7_1/tf_conv_38_1/conv2d_38_1/BiasAdd;functional_15_1/tfc3_4_1/sequential_9_1/tf_bottleneck_7_1/tf_conv_38_1/conv2d_38_1/convolution;,146 147 148 149 150 151 152 153 154 155 156 157 158 159 160 161 162 163 164 165 166 167 168 169 205 206 207 208 209 210 211 212 213 214 215 216 217 218 219 220 221 222 223 224 225 226 227 228 265 266 267 268 269 270 271 272 273 274 275 328 397 399 405 406,7448788,58982400
functional_15_1/tfc3_4_1/sequential_9_1/tf_bottleneck_7_1/tf_conv_38_1/Sigmoid,407 397 265 266 267 146 147 148 149 150 151 152 153 154 155 156 157 158 159 160 161 162 163 164 165 166 167 168 271 273 399 270 272 268 328 269 205 206 207 208 209 210 211 212 213 214 215 216 217 218 219 220 221 222 223 224 225 226 227 274 275 406,7301076,0
functional_15_1/tfc3_4_1/sequential_9_1/tf_bottleneck_7_1/tf_conv_38_1/mul_1,407 408 397 265 266 267 146 147 148 149 150 151 152 153 154 155 156 157 158 159 160 161 162 163 164 165 166 167 168 271 273 399 270 272 268 328 269 205 206 207 208 209 210 211 212 213 214 215 216 217 218 219 220 221 222 223 224 225 226 227 274 275 406,7710676,0
functional_15_1/tfc3_4_1/tf_conv_35_1/conv2d_35_1/BiasAdd;functional_15_1/tfc3_4_1/tf_conv_35_1/conv2d_35_1/convolution;,408 397 265 266 267 146 147 148 149 150 151 152 153 154 155 156 157 158 159 160 161 162 163 164 165 166 167 168 271 409 273 399 270 272 268 328 269 205 206 207 208 209 210 211 212 213 214 215 216 217 218 219 220 221 222 223 224 225 226 227 274 275,7301076,26214400
functional_15_1/tfc3_4_1/tf_conv_35_1/Sigmoid,408 397 265 266 267 146 147 148 149 150 151 152 153 154 155 156 157 158 159 160 161 162 163 164 165 166 167 271 409 273 270 272 268 328 269 410 205 206 207 208 209 210 211 212 213 214 215 216 217 218 219 220 221 222 223 224 225 226 274 275,6006484,0
functional_15_1/tfc3_4_1/tf_conv_35_1/mul_1,408 397 265 266 267 146 147 148 149 150 151 152 153 154 155 156 157 158 159 160 161 162 163 164 165 166 167 271 409 273 270 272 268 328 269 410 205 206 207 208 209 210 211 212 213 214 215 216 217 218 219 220 221 222 223 224 225 226 274 275 411,6416084,0
functional_15_1/tfc3_4_1/concat,408 397 265 266 267 146 147 148 149 150 151 152 153 154 155 156 157 158 159 160 161 162 163 164 165 166 167 271 273 270 272 268 328 269 205 206 207 208 209 210 211 212 213 214 215 216 217 218 219 220 221 222 223 224 225 226 274 275 411 412,6416084,0
functional_15_1/tfc3_4_1/tf_conv_36_1/conv2d_36_1/BiasAdd;functional_15_1/tfc3_4_1/tf_conv_36_1/conv2d_36_1/convolution;,397 265 266 267 146 147 148 149 150 151 152 153 154 155 156 157 158 159 160 161 162 163 164 165 166 167 271 273 270 272 268 328 269 205 206 207 208 209 210 211 212 213 214 215 216 217 218 219 220 221 222 223 224 225 226 274 275 413 412,6416084,26214400
functional_15_1/tfc3_4_1/tf_conv_36_1/Sigmoid,397 265 266 267 146 147 148 149 150 151 152 153 154 155 156 157 158 159 160 161 162 163 164 165 166 271 414 270 272 268 328 269 205 206 207 208 209 210 211 212 213 214 215 216 217 218 219 220 221 222 223 224 225 273 274 275 413,6350036,0
functional_15_1/tfc3_4_1/tf_conv_36_1/mul_1,397 265 266 267 146 147 148 149 150 151 152 153 154 155 156 157 158 159 160 161 162 163 164 165 166 271 414 415 270 272 268 328 269 205 206 207 208 209 210 211 212 213 214 215 216 217 218 219 220 221 222 223 224 225 273 274 275 413,7169236,0
functional_15_1/tf_conv_39_1/conv2d_39_1/BiasAdd;functional_15_1/tf_conv_39_1/conv2d_39_1/convolution;functional_15_1/tf_conv_39_1/conv2d_39_1/Squeeze,397 265 266 267 146 147 148 149 150 151 152 153 154 155 156 157 158 159 160 161 162 163 164 165 166 271 415 416 270 272 268 328 269 205 206 207 208 209 210 211 212 213 214 215 216 217 218 219 220 221 222 223 224 225 273 274 275,5940436,13107200
functional_15_1/tf_conv_39_1/Sigmoid,397 265 266 267 146 147 148 149 150 151 152 153 154 155 156 157 158 159 160 161 162 163 164 165 271 416 417 270 272 268 328 269 205 206 207 208 209 210 211 212 213 214 215 216 217 218 219 220 221 222 223 224 273 274 275,5497812,0
functional_15_1/tf_conv_39_1/mul_1,397 265 266 267 146 147 148 149 150 151 152 153 154 155 156 157 158 159 160 161 162 163 164 165 271 416 417 418 270 272 268 328 269 205 206 207 208 209 210 211 212 213 214 215 216 217 218 219 220 221 222 223 224 273 274 275,5907412,0
functional_15_1/tf_upsample_1_2/resize/ResizeNearestNeighbor,397 265 266 267 146 147 148 149 150 151 152 153 154 155 156 157 158 159 160 161 162 163 164 165 271 418 419 270 272 268 328 269 205 206 207 208 209 210 211 212 213 214 215 216 217 218 219 220 221 222 223 224 273 274 275,6726612,0
functional_15_1/tf_concat_1_2/concat,397 265 266 267 268 146 147 148 149 150 152 151 153 154 155 156 157 158 159 160 161 162 163 164 165 271 418 419 420 270 272 328 269 205 206 207 208 209 210 211 212 213 214 215 216 217 218 219 220 221 222 223 224 273 274 275,10003412,0
functional_15_1/tfc3_5_1/tf_conv_40_1/conv2d_40_1/BiasAdd;functional_15_1/tfc3_5_1/tf_conv_40_1/conv2d_40_1/convolution;,397 265 266 267 268 146 147 148 149 150 152 151 153 154 155 156 157 158 159 160 161 162 163 164 165 271 418 420 421 270 272 269 205 206 207 208 209 210 211 212 213 214 215 216 217 218 219 220 221 222 223 224 273 274 275,7545812,26214400
functional_15_1/tfc3_5_1/tf_conv_40_1/Sigmoid,397 265 266 267 268 146 147 148 149 150 152 151 153 154 155 156 157 158 159 160 161 162 163 164 271 418 420 421 422 270 272 269 205 206 207 208 209 210 211 212 213 214 215 216 217 218 219 220 221 222 223 273 274 275,8348500,0
functional_15_1/tfc3_5_1/tf_conv_40_1/mul_1,397 265 266 267 268 146 147 148 149 150 152 151 153 154 155 156 157 158 159 160 161 162 163 164 271 418 420 421 422 423 270 272 269 205 206 207 208 209 210 211 212 213 214 215 216 217 218 219 220 221 222 223 273 274 275,9167700,0
functional_15_1/tfc3_5_1/sequential_10_1/tf_bottleneck_8_1/tf_conv_43_1/conv2d_43_1/BiasAdd;functional_15_1/tfc3_5_1/sequential_10_1/tf_bottleneck_8_1/tf_conv_43_1/conv2d_43_1/convolution;,397 265 266 267 268 146 147 148 149 150 152 151 153 154 155 156 157 158 159 160 161 162 163 164 271 418 420 423 424 270 272 269 205 206 207 208 209 210 211 212 213 214 215 216 217 218 219 220 221 222 223 273 274 275,8348500,6553600
functional_15_1/tfc3_5_1/sequential_10_1/tf_bottleneck_8_1/tf_conv_43_1/Sigmoid,397 265 266 267 268 146 147 148 149 150 152 151 153 154 155 156 157 158 159 160 161 162 163 271 418 420 424 425 270 272 269 205 206 207 208 209 210 211 212 213 214 215 216 217 218 219 220 221 222 273 274 275,8344276,0
functional_15_1/tfc3_5_1/sequential_10_1/tf_bottleneck_8_1/tf_conv_43_1/mul_1,397 265 266 267 268 146 147 148 149 150 152 151 153 154 155 156 157 158 159 160 161 162 163 271 418 420 424 425 426 270 272 269 205 206 207 208 209 210 211 212 213 214 215 216 217 218 219 220 221 222 273 274 275,9163476,0
functional_15_1/tfc3_5_1/sequential_10_1/tf_bottleneck_8_1/tf_conv_44_1/conv2d_44_1/BiasAdd;functional_15_1/tfc3_5_1/sequential_10_1/tf_bottleneck_8_1/tf_conv_44_1/conv2d_44_1/convolution;,397 265 266 267 268 146 147 148 149 150 152 151 153 154 155 156 157 158 159 160 161 162 163 271 418 420 426 427 270 272 269 205 206 207 208 209 210 211 212 213 214 215 216 217 218 219 220 221 222 273 274 275,8344276,58982400
functional_15_1/tfc3_5_1/sequential_10_1/tf_bottleneck_8_1/tf_conv_44_1/Sigmoid,397 265 266 267 268 146 147 148 149 150 152 151 153 154 155 156 157 158 159 160 161 162 418 271 420 427 428 270 272 269 205 206 207 208 209 210 211 212 213 214 215 216 217 218 219 220 221 273 274 275,8307284,0
functional_15_1/tfc3_5_1/sequential_10_1/tf_bottleneck_8_1/tf_conv_44_1/mul_1,397 265 266 267 268 146 147 148 149 150 152 151 153 154 155 156 157 158 159 160 161 162 418 271 420 427 428 429 270 272 269 205 206 207 208 209 210 211 212 213 214 215 216 217 218 219 220 221 273 274 275,9126484,0
functional_15_1/tfc3_5_1/tf_conv_41_1/conv2d_41_1/BiasAdd;functional_15_1/tfc3_5_1/tf_conv_41_1/conv2d_41_1/convolution;,397 265 266 267 268 146 147 148 149 150 152 151 153 154 155 156 157 158 159 160 161 162 418 271 420 429 430 270 272 269 205 206 207 208 209 210 211 212 213 214 215 216 217 218 219 220 221 273 274 275,8307284,26214400
functional_15_1/tfc3_5_1/tf_conv_41_1/Sigmoid,397 265 266 267 268 146 147 148 149 150 152 151 153 154 155 156 157 158 159 160 161 418 271 429 430 431 270 269 205 206 207 208 209 210 211 212 213 214 215 216 217 218 219 220 272 273 274 275,5833172,0
functional_15_1/tfc3_5_1/tf_conv_41_1/mul_1,397 265 266 267 268 146 147 148 149 150 152 151 153 154 155 156 157 158 159 160 161 418 271 429 430 431 432 270 269 205 206 207 208 209 210 211 212 213 214 215 216 217 218 219 220 272 273 274 275,6652372,0
functional_15_1/tfc3_5_1/concat,397 265 266 267 268 146 147 148 149 150 152 151 153 154 155 156 157 158 159 160 161 418 271 429 432 433 270 269 205 206 207 208 209 210 211 212 213 214 215 216 217 218 219 220 272 273 274 275,6652372,0
functional_15_1/tfc3_5_1/tf_conv_42_1/conv2d_42_1/BiasAdd;functional_15_1/tfc3_5_1/tf_conv_42_1/conv2d_42_1/convolution;,397 265 266 267 268 146 147 148 149 150 152 151 153 154 155 156 157 158 159 160 161 418 271 433 434 270 269 205 206 207 208 209 210 211 212 213 214 215 216 217 218 219 220 272 273 274 275,6652372,26214400
functional_15_1/tfc3_5_1/tf_conv_42_1/Sigmoid,397 265 266 267 268 146 147 148 149 150 152 151 153 154 155 156 157 158 159 160 418 271 434 435 270 269 205 206 207 208 209 210 211 212 213 214 215 216 217 218 219 272 273 274 275,6635732,0
functional_15_1/tfc3_5_1/tf_conv_42_1/mul_1,397 265 266 267 268 146 147 148 149 150 152 151 153 154 155 156 157 158 159 160 418 271 434 435 436 270 269 205 206 207 208 209 210 211 212 213 214 215 216 217 218 219 272 273 274 275,8274132,0
functional_15_1/tf_conv_45_1/sequential_11_1/tf_pad_5_1/Pad,397 265 266 267 268 146 147 148 149 150 152 151 153 154 155 156 157 158 159 160 418 271 436 437 270 269 205 206 207 208 209 210 211 212 213 214 215 216 217 218 219 272 273 274 275,6718676,0
functional_15_1/tf_conv_45_1/sequential_11_1/conv2d_45_1/BiasAdd;functional_15_1/tf_conv_45_1/sequential_11_1/conv2d_45_1/convolution;functional_15_1/tf_conv_45_1/sequential_11_1/conv2d_45_1/Squeeze,397 265 266 267 268 146 147 148 149 150 152 151 153 154 155 156 157 158 159 160 418 271 436 437 438 270 269 205 206 207 208 209 210 211 212 213 214 215 216 217 218 219 272 273 274 275,7128276,58982400
functional_15_1/tf_conv_45_1/Sigmoid,397 265 266 267 268 146 147 148 149 150 152 151 153 154 155 156 157 158 159 418 271 436 438 439 270 269 205 206 207 208 209 210 211 212 213 214 215 216 217 218 272 273 274 275,5668820,0
functional_15_1/tf_conv_45_1/mul_1,397 265 266 267 268 146 147 148 149 150 152 151 153 154 155 156 157 158 159 418 271 436 438 439 440 270 269 205 206 207 208 209 210 211 212 213 214 215 216 217 218 272 273 274 275,6078420,0
functional_15_1/tf_concat_2_1/concat,397 265 266 267 268 146 147 148 149 150 152 151 153 154 155 156 157 158 159 418 271 436 440 441 270 269 205 206 207 208 209 210 211 212 213 214 215 216 217 218 272 273 274 275,6078420,0
functional_15_1/tfc3_6_1/tf_conv_46_1/conv2d_46_1/BiasAdd;functional_15_1/tfc3_6_1/tf_conv_46_1/conv2d_46_1/convolution;,397 265 266 267 268 146 147 148 149 150 152 151 153 154 155 156 157 158 159 271 436 441 442 270 269 205 206 207 208 209 210 211 212 213 214 215 216 217 218 272 273 274 275,5668820,13107200
functional_15_1/tfc3_6_1/tf_conv_46_1/Sigmoid,397 265 266 267 268 146 147 148 149 150 152 151 153 154 155 156 157 158 271 436 441 442 443 270 269 205 206 207 208 209 210 211 212 213 214 215 216 217 272 273 274 275,6045396,0
functional_15_1/tfc3_6_1/tf_conv_46_1/mul_1,397 265 266 267 268 146 147 148 149 150 152 151 153 154 155 156 157 158 271 436 441 442 443 444 270 269 205 206 207 208 209 210 211 212 213 214 215 216 217 272 273 274 275,6454996,0
functional_15_1/tfc3_6_1/sequential_12_1/tf_bottleneck_9_1/tf_conv_49_1/conv2d_49_1/BiasAdd;functional_15_1/tfc3_6_1/sequential_12_1/tf_bottleneck_9_1/tf_conv_49_1/conv2d_49_1/convolution;,397 265 266 267 268 146 147 148 149 150 152 151 153 154 155 156 157 158 271 436 441 444 270 445 269 205 206 207 208 209 210 211 212 213 214 215 216 217 272 273 274 275,6045396,6553600
functional_15_1/tfc3_6_1/sequential_12_1/tf_bottleneck_9_1/tf_conv_49_1/Sigmoid,397 265 266 267 268 146 147 148 149 150 152 151 153 154 155 156 157 271 436 441 270 445 446 269 205 206 207 208 209 210 211 212 213 214 215 216 272 273 274 275,6028756,0
functional_15_1/tfc3_6_1/sequential_12_1/tf_bottleneck_9_1/tf_conv_49_1/mul_1,397 265 266 267 268 146 147 148 149 150 152 151 153 154 155 156 157 271 436 441 270 445 446 447 269 205 206 207 208 209 210 211 212 213 214 215 216 272 273 274 275,6438356,0
functional_15_1/tfc3_6_1/sequential_12_1/tf_bottleneck_9_1/tf_conv_50_1/conv2d_50_1/BiasAdd;functional_15_1/tfc3_6_1/sequential_12_1/tf_bottleneck_9_1/tf_conv_50_1/conv2d_50_1/convolution;,397 265 266 267 268 146 147 148 149 150 152 151 153 154 155 156 157 271 436 441 270 447 448 269 205 206 207 208 209 210 211 212 213 214 215 216 272 273 274 275,6028756,58982400
functional_15_1/tfc3_6_1/sequential_12_1/tf_bottleneck_9_1/tf_conv_50_1/Sigmoid,397 265 266 267 268 146 147 148 149 150 152 151 153 154 155 156 436 441 270 448 449 269 205 206 207 208 209 210 211 212 213 214 215 271 272 273 274 275,5881044,0
functional_15_1/tfc3_6_1/sequential_12_1/tf_bottleneck_9_1/tf_conv_50_1/mul_1,397 265 266 267 268 146 147 148 149 150 152 151 153 154 155 156 436 441 270 448 449 450 269 205 206 207 208 209 210 211 212 213 214 215 271 272 273 274 275,6290644,0
functional_15_1/tfc3_6_1/tf_conv_47_1/conv2d_47_1/BiasAdd;functional_15_1/tfc3_6_1/tf_conv_47_1/conv2d_47_1/convolution;,397 265 266 267 268 146 147 148 149 150 152 151 153 154 155 156 436 441 270 450 451 269 205 206 207 208 209 210 211 212 213 214 215 271 272 273 274 275,5881044,13107200
functional_15_1/tfc3_6_1/tf_conv_47_1/Sigmoid,397 265 266 267 268 146 147 148 149 150 152 151 153 154 155 436 270 450 451 452 269 205 206 207 208 209 210 211 212 213 214 271 272 273 274 275,5438420,0
functional_15_1/tfc3_6_1/tf_conv_47_1/mul_1,397 265 266 267 268 146 147 148 149 150 152 151 153 154 155 436 270 450 451 452 453 269 205 206 207 208 209 210 211 212 213 214 271 272 273 274 275,5848020,0
functional_15_1/tfc3_6_1/concat,397 265 266 267 268 146 147 148 149 150 152 151 153 154 155 436 270 450 453 454 269 205 206 207 208 209 210 211 212 213 214 271 272 273 274 275,5848020,0
functional_15_1/tfc3_6_1/tf_conv_48_1/conv2d_48_1/BiasAdd;functional_15_1/tfc3_6_1/tf_conv_48_1/conv2d_48_1/convolution;,397 265 266 267 268 146 147 148 149 150 152 151 153 154 155 436 270 454 455 269 205 206 207 208 209 210 211 212 213 214 271 272 273 274 275,5848020,26214400
functional_15_1/tfc3_6_1/tf_conv_48_1/Sigmoid,397 265 266 267 268 146 147 148 149 150 152 151 153 154 275 436 270 455 456 269 205 206 207 208 209 210 211 212 213 271 272 273 274,5781972,0
functional_15_1/tfc3_6_1/tf_conv_48_1/mul_1,397 265 266 267 268 146 147 148 149 150 152 151 153 154 275 436 270 455 456 457 269 205 206 207 208 209 210 211 212 213 271 272 273 274,6601172,0
functional_15_1/tf_conv_51_1/sequential_13_1/tf_pad_6_1/Pad,397 265 266 267 268 146 147 148 149 150 152 151 153 154 275 436 270 457 269 458 205 206 207 208 209 210 211 212 213 271 272 273 274,5865940,0
functional_15_1/tf_conv_51_1/sequential_13_1/conv2d_51_1/BiasAdd;functional_15_1/tf_conv_51_1/sequential_13_1/conv2d_51_1/convolution;functional_15_1/tf_conv_51_1/sequential_13_1/conv2d_51_1/Squeeze,397 265 266 267 268 146 147 148 149 150 151 152 153 154 274 275 436 270 457 269 458 459 205 206 207 208 209 210 211 212 213 271 272 273,6070740,58982400
functional_15_1/tf_conv_51_1/Sigmoid,397 265 266 267 268 146 147 148 149 150 151 152 153 273 274 275 436 270 457 269 459 460 205 206 207 208 209 210 211 212 271 272,4782036,0
functional_15_1/tf_conv_51_1/mul_1,397 265 266 267 268 146 147 148 149 150 151 152 153 273 274 275 461 436 270 457 269 459 460 205 206 207 208 209 210 211 212 271 272,4986836,0
functional_15_1/tf_concat_3_1/concat,397 265 266 267 268 146 147 148 149 150 151 152 153 273 274 275 461 462 436 270 457 269 205 206 207 208 209 210 211 212 271 272,4986836,0
functional_15_1/tfc3_7_1/tf_conv_52_1/conv2d_52_1/BiasAdd;functional_15_1/tfc3_7_1/tf_conv_52_1/conv2d_52_1/convolution;,265 266 267 268 146 147 148 149 150 151 152 153 273 274 275 462 463 436 270 457 269 205 206 207 208 209 210 211 212 271 272,4782036,13107200
functional_15_1/tfc3_7_1/tf_conv_52_1/Sigmoid,265 266 267 268 146 147 148 149 150 151 152 272 273 274 275 462 463 464 436 270 457 269 205 206 207 208 209 210 211 271,4855252,0
functional_15_1/tfc3_7_1/tf_conv_52_1/mul_1,265 266 267 268 146 147 148 149 150 151 152 272 273 274 275 462 463 464 436 270 457 269 205 206 207 208 209 210 211 271 465,5060052,0
functional_15_1/tfc3_7_1/sequential_14_1/tf_bottleneck_10_1/tf_conv_55_1/conv2d_55_1/BiasAdd;functional_15_1/tfc3_7_1/sequential_14_1/tf_bottleneck_10_1/tf_conv_55_1/conv2d_55_1/convolution;,265 266 267 268 146 147 148 149 150 151 152 272 273 274 275 462 436 270 457 269 205 206 207 208 209 210 211 271 465 466,4855252,6553600
functional_15_1/tfc3_7_1/sequential_14_1/tf_bottleneck_10_1/tf_conv_55_1/Sigmoid,265 266 267 268 146 147 148 149 150 151 271 272 273 274 275 462 436 457 269 205 206 207 208 209 210 270 466 467,4789204,0
functional_15_1/tfc3_7_1/sequential_14_1/tf_bottleneck_10_1/tf_conv_55_1/mul_1,265 266 267 268 146 147 148 149 150 151 271 272 273 274 275 462 436 457 269 205 206 207 208 209 210 270 466 467 468,4994004,0
functional_15_1/tfc3_7_1/sequential_14_1/tf_bottleneck_10_1/tf_conv_56_1/conv2d_56_1/BiasAdd;functional_15_1/tfc3_7_1/sequential_14_1/tf_bottleneck_10_1/tf_conv_56_1/conv2d_56_1/convolution;,265 266 267 268 146 147 148 149 150 151 271 272 273 274 275 462 436 457 269 205 206 207 208 209 210 270 468 469,4789204,58982400
functional_15_1/tfc3_7_1/sequential_14_1/tf_bottleneck_10_1/tf_conv_56_1/Sigmoid,265 266 267 268 146 147 148 149 150 270 271 272 273 274 275 436 457 269 205 206 207 208 209 462 469 470,4198868,0
functional_15_1/tfc3_7_1/sequential_14_1/tf_bottleneck_10_1/tf_conv_56_1/mul_1,265 266 267 268 146 147 148 149 150 270 271 272 273 274 275 436 457 269 205 206 207 208 209 462 469 470 471,4403668,0
functional_15_1/tfc3_7_1/tf_conv_53_1/conv2d_53_1/BiasAdd;functional_15_1/tfc3_7_1/tf_conv_53_1/conv2d_53_1/convolution;,265 266 267 268 146 147 148 149 150 270 271 272 273 274 275 436 457 269 205 206 207 208 209 462 471 472,4198868,13107200
functional_15_1/tfc3_7_1/tf_conv_53_1/Sigmoid,265 266 267 268 146 147 148 149 269 270 271 272 273 274 275 436 457 205 206 207 208 471 472 473,3862484,0
functional_15_1/tfc3_7_1/tf_conv_53_1/mul_1,265 266 267 268 146 147 148 149 269 270 271 272 273 274 275 436 457 205 206 207 208 471 472 473 474,4067284,0
functional_15_1/tfc3_7_1/concat,265 266 267 268 146 147 148 149 269 270 271 272 273 274 275 436 457 205 206 207 208 471 474 475,4067284,0
functional_15_1/tfc3_7_1/tf_conv_54_1/conv2d_54_1/BiasAdd;functional_15_1/tfc3_7_1/tf_conv_54_1/conv2d_54_1/convolution;,265 266 267 268 146 147 148 149 269 270 271 272 273 274 275 436 457 205 206 207 208 475 476,4067284,26214400
functional_15_1/tfc3_7_1/tf_conv_54_1/Sigmoid,265 266 267 268 146 147 148 269 270 271 272 273 274 275 436 457 205 206 207 476 477,3804116,0
functional_15_1/tfc3_7_1/tf_conv_54_1/mul_1,265 266 267 268 146 147 148 269 270 271 272 273 274 275 436 457 205 206 207 476 477 478,4213716,0
functional_15_1/tf_detect_1/tf_conv2d_2_1/conv2d_59_1/BiasAdd;functional_15_1/tf_detect_1/tf_conv2d_2_1/conv2d_59_1/convolution;,265 266 267 268 146 147 148 269 270 271 272 273 274 275 436 457 205 206 207 478 479,3802516,26112000
functional_15_1/tf_detect_1/Reshape_4,267 268 265 266 146 147 269 270 271 272 273 274 275 436 457 205 206 479 480,3538776,0
functional_15_1/tf_detect_1/strided_slice_19,267 268 265 266 269 146 147 270 271 272 273 274 275 436 457 205 206 480 481,3140376,0
functional_15_1/tf_detect_1/Sigmoid_6,267 268 265 266 269 146 147 270 271 272 273 274 275 436 457 205 206 480 481 482,3149976,0
functional_15_1/tf_detect_1/mul_16,267 268 265 266 269 146 147 270 271 272 273 274 275 436 457 205 206 480 482 483,3149976,0
functional_15_1/tf_detect_1/add_2,267 268 265 266 269 146 147 270 271 272 273 274 275 436 457 205 206 480 483 484,3149976,2400
functional_15_1/tf_detect_1/mul_17,267 268 265 266 269 146 147 270 271 272 273 275 436 457 205 206 480 484 485,3146776,0
functional_15_1/tf_detect_1/truediv_4,267 268 265 266 270 146 147 271 272 273 275 436 457 205 206 480 485 486,3146772,0
functional_15_1/tf_detect_1/strided_slice_21,267 268 265 266 270 146 147 271 272 273 275 436 457 205 206 480 486 487,3146772,0
functional_15_1/tf_detect_1/Sigmoid_7,267 268 265 266 270 146 147 271 272 273 275 436 457 205 206 480 486 487 488,3156372,0
functional_15_1/tf_detect_1/pow_2;,267 268 265 266 270 146 147 271 272 273 275 436 457 205 206 480 486 488 489,3156372,0
functional_15_1/tf_detect_1/mul_18,267 268 265 266 270 146 147 271 272 273 275 436 457 205 206 480 486 489 490,3156372,0
functional_15_1/tf_detect_1/truediv_5,267 268 265 266 270 146 147 272 273 275 436 457 205 206 480 486 490 491,3156348,0
functional_15_1/tf_detect_1/strided_slice_22,267 268 265 266 270 146 147 272 273 275 436 457 205 206 480 486 491 492,3535548,0
functional_15_1/tf_detect_1/Sigmoid_8,267 268 265 266 270 146 147 272 273 275 436 457 205 206 486 491 492 493,3516348,0
functional_15_1/tf_detect_1/concat_2,267 268 265 266 270 146 147 272 273 275 436 457 205 206 486 491 493 494,3535548,0
functional_15_1/tf_detect_1/Reshape_5,267 268 265 266 270 146 147 272 273 275 436 457 205 206 494 495,3535548,0
functional_15_1/tf_detect_1/tf_conv2d_1_2/conv2d_58_1/BiasAdd;functional_15_1/tf_detect_1/tf_conv2d_1_2/conv2d_58_1/convolution;,265 266 268 267 270 272 146 147 273 275 436 457 205 206 495 496,4759548,52224000
functional_15_1/tf_detect_1/Reshape_2,265 266 268 267 270 272 146 273 275 436 205 495 496 497,5440768,0
functional_15_1/tf_detect_1/strided_slice_11,265 266 268 267 270 272 146 273 275 436 205 495 497 498,3847168,0
functional_15_1/tf_detect_1/Sigmoid_3,265 266 268 267 270 272 146 273 275 436 205 495 497 498 499,3885568,0
functional_15_1/tf_detect_1/mul_9,265 266 268 267 270 272 146 273 275 436 205 495 497 499 500,3885568,0
functional_15_1/tf_detect_1/add_1,265 266 268 267 270 272 146 273 275 436 205 495 497 500 501,3885568,9600
functional_15_1/tf_detect_1/mul_10,265 266 268 267 270 272 146 275 436 205 495 497 501 502,3872768,0
functional_15_1/tf_detect_1/truediv_2,265 266 267 270 272 146 275 436 205 495 497 502 503,3872764,0
functional_15_1/tf_detect_1/strided_slice_13,265 266 267 270 272 146 275 436 205 495 497 503 504,3872764,0
functional_15_1/tf_detect_1/Sigmoid_4,265 266 267 270 272 146 275 436 205 495 497 503 504 505,3911164,0
functional_15_1/tf_detect_1/pow_1;,265 266 267 270 272 146 275 436 205 495 497 503 505 506,3911164,0
functional_15_1/tf_detect_1/mul_11,265 266 267 270 272 146 275 436 205 495 497 503 506 507,3911164,0
functional_15_1/tf_detect_1/truediv_3,265 266 267 272 146 275 436 205 495 497 503 507 508,3911140,0
functional_15_1/tf_detect_1/strided_slice_14,265 266 267 272 146 275 436 205 495 497 503 508 509,5427940,0
functional_15_1/tf_detect_1/Sigmoid_5,265 266 267 272 146 275 436 205 495 503 508 509 510,5351140,0
functional_15_1/tf_detect_1/concat_1,265 266 267 272 146 275 436 205 495 503 508 510 511,5427940,0
functional_15_1/tf_detect_1/Reshape_3,512 265 266 267 272 146 275 436 205 495 511,5427940,0
functional_15_1/tf_detect_1/tf_conv2d_1/conv2d_57_1/BiasAdd;functional_15_1/tf_detect_1/tf_conv2d_1/conv2d_57_1/convolution;,512 513 265 266 267 205 146 272 275 436 495,10323940,104448000
functional_15_1/tf_detect_1/Reshape,512 513 514 265 266 267 272 275 495,15147240,0
functional_15_1/tf_detect_1/strided_slice_3,512 514 515 265 266 267 495 272 275,8772840,0
functional_15_1/tf_detect_1/Sigmoid,512 514 515 516 265 266 267 495 272 275,8926440,0
functional_15_1/tf_detect_1/mul_2,512 514 516 517 265 266 267 495 272 275,8926440,0
functional_15_1/tf_detect_1/add,512 514 517 518 265 267 495 272 275,8926436,38400
functional_15_1/tf_detect_1/mul_3,512 514 518 519 265 267 495 272,8875236,0
functional_15_1/tf_detect_1/truediv,512 514 519 520 265 495 272,8875232,0
functional_15_1/tf_detect_1/strided_slice_5,512 514 520 265 521 495 272,8875232,0
functional_15_1/tf_detect_1/Sigmoid_1,512 514 520 265 521 522 495 272,9028832,0
functional_15_1/tf_detect_1/pow;,512 514 520 265 522 523 495 272,9028832,0
functional_15_1/tf_detect_1/mul_4,512 514 520 265 523 524 495 272,9028832,0
functional_15_1/tf_detect_1/truediv_1,512 514 520 265 524 525 495,9028808,0
functional_15_1/tf_detect_1/strided_slice_6,512 514 520 525 495 526,15096000,0
functional_15_1/tf_detect_1/Sigmoid_2,512 520 525 495 526 527,14788800,0
functional_15_1/tf_detect_1/concat,512 520 525 495 527 528,15096000,0
functional_15_1/tf_detect_1/Reshape_1,512 495 528 529,15096000,0
StatefulPartitionedCall_1:0,512 529 530 495,17136000,0
